Device_id,kernel_name,kernel_type,stream_id,task_id,task_time(us),task_start(us),task_stop(us)
3,N/A,PROFILING_ENABLE,48,2,0.020,1788186421054666.055	,1788186421054666.075	
3,N/A,KERNEL_AICPU,48,3,129.920,1788186421061321.035	,1788186421061450.955	
3,N/A,TASK_TIMEOUT_SET,48,4,111.240,1788186421065130.095	,1788186421065241.335	
3,N/A,TASK_TIMEOUT_SET,48,5,87.280,1788186421068408.195	,1788186421068495.475	
3,OnesLike_2060cf8d69781f9a7462e2f67555909f_high_performance_210010000,AI_VECTOR_CORE,47,0,36.900,1788186421722198.575	,1788186421722235.475	
3,N/A,MEMCPY_ASYNC,47,1,2.140,1788186421730513.435	,1788186421730515.575	
3,N/A,DSA_SQE,47,2,2774.520,1788186421730542.875	,1788186421733317.395	
3,Cast_be58e0047e83b59a9415f71365cd1622_high_performance_210010000,AI_VECTOR_CORE,47,3,322.460,1788186421733317.415	,1788186421733639.875	
3,N/A,MEMCPY_ASYNC,47,4,2.400,1788186421733639.895	,1788186421733642.295	
3,N/A,DSA_SQE,47,5,1382.440,1788186421733642.455	,1788186421735024.895	
3,Cast_be58e0047e83b59a9415f71365cd1622_high_performance_210010000,AI_VECTOR_CORE,47,6,119.700,1788186421735024.915	,1788186421735144.615	
3,N/A,MEMCPY_ASYNC,47,7,2.220,1788186421735144.635	,1788186421735146.855	
3,N/A,DSA_SQE,47,8,1.800,1788186421735147.015	,1788186421735148.815	
3,N/A,MEMCPY_ASYNC,47,9,2.160,1788186421735148.835	,1788186421735150.995	
3,N/A,DSA_SQE,47,10,2.140,1788186421735151.155	,1788186421735153.295	
3,N/A,MEMCPY_ASYNC,47,11,2.160,1788186421735153.335	,1788186421735155.495	
3,N/A,DSA_SQE,47,12,1.700,1788186421735155.655	,1788186421735157.355	
3,N/A,MEMCPY_ASYNC,47,13,2.220,1788186421735157.375	,1788186421735159.595	
3,N/A,DSA_SQE,47,14,2.200,1788186421735159.755	,1788186421735161.955	
3,N/A,MEMCPY_ASYNC,47,15,2.320,1788186421735161.975	,1788186421735164.295	
3,N/A,DSA_SQE,47,16,1.560,1788186421735164.455	,1788186421735166.015	
3,sk_scope_kernel_begin_dav_2201,AI_VECTOR_CORE,47,17,1.020,1788186427188797.735	,1788186427188798.755	
3,sk_placeholder_kernel_dav_2201,AI_VECTOR_CORE,47,18,0.920,1788186427188964.035	,1788186427188964.955	
3,sk_placeholder_kernel_dav_2201,AI_VECTOR_CORE,47,19,0.880,1788186427189005.575	,1788186427189006.455	
3,GroupedMatmul_073724674f6bc75efdc841276e0eb3cc_335741442,MIX_AIC,47,20,46.500,1788186427210670.275	,1788186427210716.775	
3,DequantSwigluQuant_int32_high_performance_100000000,AI_VECTOR_CORE,47,21,9.980,1788186427893396.235	,1788186427893406.215	
3,GroupedMatmul_7027ddb93c25b26c6a749b5e1bdcd245_34697052674,MIX_AIC,47,22,24.620,1788186427897311.375	,1788186427897335.995	
3,DynamicQuant_bf16_1_high_performance_10,AI_VECTOR_CORE,47,23,317.580,1788186427898067.155	,1788186427898384.735	
3,clear_ops,MIX_AIC,47,24,35.720,1788186427898464.375	,1788186427898500.095	
3,sk_placeholder_kernel_dav_2201,AI_VECTOR_CORE,47,25,0.880,1788186427898707.735	,1788186427898708.615	
3,sk_placeholder_kernel_dav_2201,AI_VECTOR_CORE,47,26,0.700,1788186427898768.335	,1788186427898769.035	
3,sk_scope_kernel_end_dav_2201,AI_VECTOR_CORE,47,27,0.800,1788186427898827.815	,1788186427898828.615	
3,sk_scope_kernel_begin_dav_2201,AI_VECTOR_CORE,47,28,0.800,1788186427899044.035	,1788186427899044.835	
3,sk_placeholder_kernel_dav_2201,AI_VECTOR_CORE,47,29,0.780,1788186427899094.615	,1788186427899095.395	
3,sk_placeholder_kernel_dav_2201,AI_VECTOR_CORE,47,30,0.780,1788186427899135.795	,1788186427899136.575	
3,GroupedMatmul_073724674f6bc75efdc841276e0eb3cc_335741442,MIX_AIC,47,31,49.940,1788186427900951.875	,1788186427901001.815	
3,DequantSwigluQuant_int32_high_performance_100000000,AI_VECTOR_CORE,47,32,9.620,1788186427901132.575	,1788186427901142.195	
3,GroupedMatmul_7027ddb93c25b26c6a749b5e1bdcd245_34697052674,MIX_AIC,47,33,40.520,1788186427903038.995	,1788186427903079.515	
3,DynamicQuant_bf16_1_high_performance_10,AI_VECTOR_CORE,47,34,327.900,1788186427903739.075	,1788186427904066.975	
3,clear_ops,MIX_AIC,47,35,33.880,1788186427904068.095	,1788186427904101.975	
3,sk_placeholder_kernel_dav_2201,AI_VECTOR_CORE,47,36,0.840,1788186427904103.195	,1788186427904104.035	
3,sk_placeholder_kernel_dav_2201,AI_VECTOR_CORE,47,37,0.720,1788186427904104.055	,1788186427904104.775	
3,sk_scope_kernel_end_dav_2201,AI_VECTOR_CORE,47,38,0.740,1788186427904104.795	,1788186427904105.535	
3,sk_scope_kernel_begin_dav_2201,AI_VECTOR_CORE,47,39,0.740,1788186427904128.915	,1788186427904129.655	
3,sk_placeholder_kernel_dav_2201,AI_VECTOR_CORE,47,40,0.740,1788186427904175.515	,1788186427904176.255	
3,sk_placeholder_kernel_dav_2201,AI_VECTOR_CORE,47,41,0.740,1788186427904203.735	,1788186427904204.475	
3,GroupedMatmul_073724674f6bc75efdc841276e0eb3cc_335741442,MIX_AIC,47,42,48.860,1788186427905854.355	,1788186427905903.215	
3,DequantSwigluQuant_int32_high_performance_100000000,AI_VECTOR_CORE,47,43,8.160,1788186427906016.315	,1788186427906024.475	
3,GroupedMatmul_7027ddb93c25b26c6a749b5e1bdcd245_34697052674,MIX_AIC,47,44,41.600,1788186427907865.715	,1788186427907907.315	
3,DynamicQuant_bf16_1_high_performance_10,AI_VECTOR_CORE,47,45,329.840,1788186427908575.995	,1788186427908905.835	
3,clear_ops,MIX_AIC,47,46,33.640,1788186427908907.055	,1788186427908940.695	
3,sk_placeholder_kernel_dav_2201,AI_VECTOR_CORE,47,47,0.900,1788186427908941.575	,1788186427908942.475	
3,sk_placeholder_kernel_dav_2201,AI_VECTOR_CORE,47,48,0.780,1788186427908942.495	,1788186427908943.275	
3,sk_scope_kernel_end_dav_2201,AI_VECTOR_CORE,47,49,0.760,1788186427908943.295	,1788186427908944.055	
3,sk_scope_kernel_begin_dav_2201,AI_VECTOR_CORE,47,50,0.780,1788186427908962.435	,1788186427908963.215	
3,sk_placeholder_kernel_dav_2201,AI_VECTOR_CORE,47,51,0.760,1788186427909013.315	,1788186427909014.075	
3,sk_placeholder_kernel_dav_2201,AI_VECTOR_CORE,47,52,0.740,1788186427909041.255	,1788186427909041.995	
3,GroupedMatmul_073724674f6bc75efdc841276e0eb3cc_335741442,MIX_AIC,47,53,52.460,1788186427910697.355	,1788186427910749.815	
3,DequantSwigluQuant_int32_high_performance_100000000,AI_VECTOR_CORE,47,54,10.120,1788186427910861.855	,1788186427910871.975	
3,GroupedMatmul_7027ddb93c25b26c6a749b5e1bdcd245_34697052674,MIX_AIC,47,55,40.280,1788186427912687.995	,1788186427912728.275	
3,DynamicQuant_bf16_1_high_performance_10,AI_VECTOR_CORE,47,56,329.880,1788186427913443.495	,1788186427913773.375	
3,clear_ops,MIX_AIC,47,57,32.680,1788186427913774.635	,1788186427913807.315	
3,sk_placeholder_kernel_dav_2201,AI_VECTOR_CORE,47,58,0.880,1788186427913808.555	,1788186427913809.435	
3,sk_placeholder_kernel_dav_2201,AI_VECTOR_CORE,47,59,0.740,1788186427913809.455	,1788186427913810.195	
3,sk_scope_kernel_end_dav_2201,AI_VECTOR_CORE,47,60,0.800,1788186427913810.215	,1788186427913811.015	
3,sk_scope_kernel_begin_dav_2201,AI_VECTOR_CORE,47,61,0.800,1788186427913811.035	,1788186427913811.835	
3,sk_placeholder_kernel_dav_2201,AI_VECTOR_CORE,47,62,0.660,1788186427913849.815	,1788186427913850.475	
3,sk_placeholder_kernel_dav_2201,AI_VECTOR_CORE,47,63,0.660,1788186427913885.895	,1788186427913886.555	
3,GroupedMatmul_073724674f6bc75efdc841276e0eb3cc_335741442,MIX_AIC,47,64,51.500,1788186427915533.175	,1788186427915584.675	
3,DequantSwigluQuant_int32_high_performance_100000000,AI_VECTOR_CORE,47,65,7.800,1788186427915667.895	,1788186427915675.695	
3,GroupedMatmul_7027ddb93c25b26c6a749b5e1bdcd245_34697052674,MIX_AIC,47,66,42.460,1788186427917594.055	,1788186427917636.515	
3,DynamicQuant_bf16_1_high_performance_10,AI_VECTOR_CORE,47,67,329.520,1788186427918265.695	,1788186427918595.215	
3,clear_ops,MIX_AIC,47,68,34.820,1788186427918596.835	,1788186427918631.655	
3,sk_placeholder_kernel_dav_2201,AI_VECTOR_CORE,47,69,0.840,1788186427918632.595	,1788186427918633.435	
3,sk_placeholder_kernel_dav_2201,AI_VECTOR_CORE,47,70,0.720,1788186427918633.475	,1788186427918634.195	
3,sk_scope_kernel_end_dav_2201,AI_VECTOR_CORE,47,71,0.800,1788186427918634.215	,1788186427918635.015	
3,sk_scope_kernel_begin_dav_2201,AI_VECTOR_CORE,47,72,0.800,1788186427918635.055	,1788186427918635.855	
3,sk_placeholder_kernel_dav_2201,AI_VECTOR_CORE,47,73,0.760,1788186427918643.715	,1788186427918644.475	
3,sk_placeholder_kernel_dav_2201,AI_VECTOR_CORE,47,74,0.780,1788186427918694.155	,1788186427918694.935	
3,GroupedMatmul_073724674f6bc75efdc841276e0eb3cc_335741442,MIX_AIC,47,75,51.220,1788186427920321.635	,1788186427920372.855	
3,DequantSwigluQuant_int32_high_performance_100000000,AI_VECTOR_CORE,47,76,8.620,1788186427920507.015	,1788186427920515.635	
3,GroupedMatmul_7027ddb93c25b26c6a749b5e1bdcd245_34697052674,MIX_AIC,47,77,41.860,1788186427922336.535	,1788186427922378.395	
3,DynamicQuant_bf16_1_high_performance_10,AI_VECTOR_CORE,47,78,329.480,1788186427923014.655	,1788186427923344.135	
3,clear_ops,MIX_AIC,47,79,35.500,1788186427923345.655	,1788186427923381.155	
3,sk_placeholder_kernel_dav_2201,AI_VECTOR_CORE,47,80,0.780,1788186427923382.055	,1788186427923382.835	
3,sk_placeholder_kernel_dav_2201,AI_VECTOR_CORE,47,81,0.660,1788186427923382.855	,1788186427923383.515	
3,sk_scope_kernel_end_dav_2201,AI_VECTOR_CORE,47,82,0.720,1788186427923383.535	,1788186427923384.255	
3,sk_scope_kernel_begin_dav_2201,AI_VECTOR_CORE,47,83,0.700,1788186427923384.275	,1788186427923384.975	
3,sk_placeholder_kernel_dav_2201,AI_VECTOR_CORE,47,84,0.720,1788186427923410.315	,1788186427923411.035	
3,sk_placeholder_kernel_dav_2201,AI_VECTOR_CORE,47,85,0.720,1788186427923467.895	,1788186427923468.615	
3,GroupedMatmul_073724674f6bc75efdc841276e0eb3cc_335741442,MIX_AIC,47,86,50.740,1788186427925072.375	,1788186427925123.115	
3,DequantSwigluQuant_int32_high_performance_100000000,AI_VECTOR_CORE,47,87,8.040,1788186427925253.275	,1788186427925261.315	
3,GroupedMatmul_7027ddb93c25b26c6a749b5e1bdcd245_34697052674,MIX_AIC,47,88,42.700,1788186427927102.675	,1788186427927145.375	
3,DynamicQuant_bf16_1_high_performance_10,AI_VECTOR_CORE,47,89,329.840,1788186427927784.955	,1788186427928114.795	
3,clear_ops,MIX_AIC,47,90,33.940,1788186427928115.915	,1788186427928149.855	
3,sk_placeholder_kernel_dav_2201,AI_VECTOR_CORE,47,91,0.900,1788186427928151.035	,1788186427928151.935	
3,sk_placeholder_kernel_dav_2201,AI_VECTOR_CORE,47,92,0.780,1788186427928151.955	,1788186427928152.735	
3,sk_scope_kernel_end_dav_2201,AI_VECTOR_CORE,47,93,0.840,1788186427928152.755	,1788186427928153.595	
3,sk_scope_kernel_begin_dav_2201,AI_VECTOR_CORE,47,94,0.840,1788186427928153.615	,1788186427928154.455	
3,sk_placeholder_kernel_dav_2201,AI_VECTOR_CORE,47,95,0.820,1788186427928190.815	,1788186427928191.635	
3,sk_placeholder_kernel_dav_2201,AI_VECTOR_CORE,47,96,0.820,1788186427928242.395	,1788186427928243.215	
3,GroupedMatmul_073724674f6bc75efdc841276e0eb3cc_335741442,MIX_AIC,47,97,50.440,1788186427929885.635	,1788186427929936.075	
3,DequantSwigluQuant_int32_high_performance_100000000,AI_VECTOR_CORE,47,98,8.100,1788186427930047.115	,1788186427930055.215	
3,GroupedMatmul_7027ddb93c25b26c6a749b5e1bdcd245_34697052674,MIX_AIC,47,99,40.920,1788186427931869.095	,1788186427931910.015	
3,DynamicQuant_bf16_1_high_performance_10,AI_VECTOR_CORE,47,100,330.160,1788186427932543.055	,1788186427932873.215	
3,clear_ops,MIX_AIC,47,101,34.820,1788186427932874.335	,1788186427932909.155	
3,sk_placeholder_kernel_dav_2201,AI_VECTOR_CORE,47,102,0.840,1788186427932910.115	,1788186427932910.955	
3,sk_placeholder_kernel_dav_2201,AI_VECTOR_CORE,47,103,0.720,1788186427932910.975	,1788186427932911.695	
3,sk_scope_kernel_end_dav_2201,AI_VECTOR_CORE,47,104,0.780,1788186427932911.735	,1788186427932912.515	
3,sk_scope_kernel_begin_dav_2201,AI_VECTOR_CORE,47,105,0.780,1788186427932928.095	,1788186427932928.875	
3,sk_placeholder_kernel_dav_2201,AI_VECTOR_CORE,47,106,0.700,1788186427932967.095	,1788186427932967.795	
3,sk_placeholder_kernel_dav_2201,AI_VECTOR_CORE,47,107,0.700,1788186427933011.615	,1788186427933012.315	
3,GroupedMatmul_073724674f6bc75efdc841276e0eb3cc_335741442,MIX_AIC,47,108,49.120,1788186427934653.475	,1788186427934702.595	
3,DequantSwigluQuant_int32_high_performance_100000000,AI_VECTOR_CORE,47,109,9.480,1788186427934836.195	,1788186427934845.675	
3,GroupedMatmul_7027ddb93c25b26c6a749b5e1bdcd245_34697052674,MIX_AIC,47,110,42.000,1788186427936668.735	,1788186427936710.735	
3,DynamicQuant_bf16_1_high_performance_10,AI_VECTOR_CORE,47,111,329.280,1788186427937363.055	,1788186427937692.335	
3,clear_ops,MIX_AIC,47,112,34.680,1788186427937693.415	,1788186427937728.095	
3,sk_placeholder_kernel_dav_2201,AI_VECTOR_CORE,47,113,0.920,1788186427937729.195	,1788186427937730.115	
3,sk_placeholder_kernel_dav_2201,AI_VECTOR_CORE,47,114,0.800,1788186427937730.155	,1788186427937730.955	
3,sk_scope_kernel_end_dav_2201,AI_VECTOR_CORE,47,115,0.720,1788186427937730.995	,1788186427937731.715	
3,sk_scope_kernel_begin_dav_2201,AI_VECTOR_CORE,47,116,0.740,1788186427937738.075	,1788186427937738.815	
3,sk_placeholder_kernel_dav_2201,AI_VECTOR_CORE,47,117,0.700,1788186427937788.535	,1788186427937789.235	
3,sk_placeholder_kernel_dav_2201,AI_VECTOR_CORE,47,118,0.720,1788186427937822.115	,1788186427937822.835	
3,GroupedMatmul_073724674f6bc75efdc841276e0eb3cc_335741442,MIX_AIC,47,119,50.520,1788186427939434.075	,1788186427939484.595	
3,DequantSwigluQuant_int32_high_performance_100000000,AI_VECTOR_CORE,47,120,8.580,1788186427939599.375	,1788186427939607.955	
3,GroupedMatmul_7027ddb93c25b26c6a749b5e1bdcd245_34697052674,MIX_AIC,47,121,40.540,1788186427941442.255	,1788186427941482.795	
3,DynamicQuant_bf16_1_high_performance_10,AI_VECTOR_CORE,47,122,329.640,1788186427942112.995	,1788186427942442.635	
3,clear_ops,MIX_AIC,47,123,35.660,1788186427942443.695	,1788186427942479.355	
3,sk_placeholder_kernel_dav_2201,AI_VECTOR_CORE,47,124,0.800,1788186427942480.095	,1788186427942480.895	
3,sk_placeholder_kernel_dav_2201,AI_VECTOR_CORE,47,125,0.720,1788186427942480.915	,1788186427942481.635	
3,sk_scope_kernel_end_dav_2201,AI_VECTOR_CORE,47,126,0.740,1788186427942481.655	,1788186427942482.395	
3,sk_scope_kernel_begin_dav_2201,AI_VECTOR_CORE,47,127,0.740,1788186427942495.195	,1788186427942495.935	
3,sk_placeholder_kernel_dav_2201,AI_VECTOR_CORE,47,128,0.760,1788186427942535.935	,1788186427942536.695	
3,sk_placeholder_kernel_dav_2201,AI_VECTOR_CORE,47,129,0.760,1788186427942583.035	,1788186427942583.795	
3,GroupedMatmul_073724674f6bc75efdc841276e0eb3cc_335741442,MIX_AIC,47,130,50.240,1788186427944198.135	,1788186427944248.375	
3,DequantSwigluQuant_int32_high_performance_100000000,AI_VECTOR_CORE,47,131,9.280,1788186427944387.335	,1788186427944396.615	
3,GroupedMatmul_7027ddb93c25b26c6a749b5e1bdcd245_34697052674,MIX_AIC,47,132,43.260,1788186427946230.715	,1788186427946273.975	
3,DynamicQuant_bf16_1_high_performance_10,AI_VECTOR_CORE,47,133,328.340,1788186427946904.775	,1788186427947233.115	
3,clear_ops,MIX_AIC,47,134,32.840,1788186427947234.195	,1788186427947267.035	
3,sk_placeholder_kernel_dav_2201,AI_VECTOR_CORE,47,135,0.820,1788186427947268.115	,1788186427947268.935	
3,sk_placeholder_kernel_dav_2201,AI_VECTOR_CORE,47,136,0.720,1788186427947268.955	,1788186427947269.675	
3,sk_scope_kernel_end_dav_2201,AI_VECTOR_CORE,47,137,0.760,1788186427947269.695	,1788186427947270.455	
3,sk_scope_kernel_begin_dav_2201,AI_VECTOR_CORE,47,138,0.760,1788186427947274.915	,1788186427947275.675	
3,sk_placeholder_kernel_dav_2201,AI_VECTOR_CORE,47,139,0.720,1788186427947330.395	,1788186427947331.115	
3,sk_placeholder_kernel_dav_2201,AI_VECTOR_CORE,47,140,0.720,1788186427947368.495	,1788186427947369.215	
3,GroupedMatmul_073724674f6bc75efdc841276e0eb3cc_335741442,MIX_AIC,47,141,50.020,1788186427948987.875	,1788186427949037.895	
3,DequantSwigluQuant_int32_high_performance_100000000,AI_VECTOR_CORE,47,142,8.880,1788186427949163.095	,1788186427949171.975	
3,GroupedMatmul_7027ddb93c25b26c6a749b5e1bdcd245_34697052674,MIX_AIC,47,143,41.700,1788186427951007.595	,1788186427951049.295	
3,DynamicQuant_bf16_1_high_performance_10,AI_VECTOR_CORE,47,144,328.900,1788186427951655.435	,1788186427951984.335	
3,clear_ops,MIX_AIC,47,145,35.460,1788186427951985.435	,1788186427952020.895	
3,sk_placeholder_kernel_dav_2201,AI_VECTOR_CORE,47,146,0.860,1788186427952021.815	,1788186427952022.675	
3,sk_placeholder_kernel_dav_2201,AI_VECTOR_CORE,47,147,0.760,1788186427952022.715	,1788186427952023.475	
3,sk_scope_kernel_end_dav_2201,AI_VECTOR_CORE,47,148,0.820,1788186427952023.495	,1788186427952024.315	
3,sk_scope_kernel_begin_dav_2201,AI_VECTOR_CORE,47,149,0.820,1788186427952024.335	,1788186427952025.155	
3,sk_placeholder_kernel_dav_2201,AI_VECTOR_CORE,47,150,0.720,1788186427952052.495	,1788186427952053.215	
3,sk_placeholder_kernel_dav_2201,AI_VECTOR_CORE,47,151,0.720,1788186427952098.735	,1788186427952099.455	
3,GroupedMatmul_073724674f6bc75efdc841276e0eb3cc_335741442,MIX_AIC,47,152,50.940,1788186427953729.795	,1788186427953780.735	
3,DequantSwigluQuant_int32_high_performance_100000000,AI_VECTOR_CORE,47,153,8.960,1788186427953933.955	,1788186427953942.915	
3,GroupedMatmul_7027ddb93c25b26c6a749b5e1bdcd245_34697052674,MIX_AIC,47,154,39.180,1788186427955754.235	,1788186427955793.415	
3,DynamicQuant_bf16_1_high_performance_10,AI_VECTOR_CORE,47,155,327.020,1788186427956436.875	,1788186427956763.895	
3,clear_ops,MIX_AIC,47,156,34.640,1788186427956765.175	,1788186427956799.815	
3,sk_placeholder_kernel_dav_2201,AI_VECTOR_CORE,47,157,0.820,1788186427956800.955	,1788186427956801.775	
3,sk_placeholder_kernel_dav_2201,AI_VECTOR_CORE,47,158,0.720,1788186427956801.815	,1788186427956802.535	
3,sk_scope_kernel_end_dav_2201,AI_VECTOR_CORE,47,159,0.780,1788186427956802.555	,1788186427956803.335	
3,sk_scope_kernel_begin_dav_2201,AI_VECTOR_CORE,47,160,0.800,1788186427956803.355	,1788186427956804.155	
3,sk_placeholder_kernel_dav_2201,AI_VECTOR_CORE,47,161,0.760,1788186427956835.675	,1788186427956836.435	
3,sk_placeholder_kernel_dav_2201,AI_VECTOR_CORE,47,162,0.760,1788186427956868.455	,1788186427956869.215	
3,GroupedMatmul_073724674f6bc75efdc841276e0eb3cc_335741442,MIX_AIC,47,163,52.040,1788186427958519.975	,1788186427958572.015	
3,DequantSwigluQuant_int32_high_performance_100000000,AI_VECTOR_CORE,47,164,9.120,1788186427958657.095	,1788186427958666.215	
3,GroupedMatmul_7027ddb93c25b26c6a749b5e1bdcd245_34697052674,MIX_AIC,47,165,41.680,1788186427960479.575	,1788186427960521.255	
3,DynamicQuant_bf16_1_high_performance_10,AI_VECTOR_CORE,47,166,328.660,1788186427961177.155	,1788186427961505.815	
3,clear_ops,MIX_AIC,47,167,33.320,1788186427961506.995	,1788186427961540.315	
3,sk_placeholder_kernel_dav_2201,AI_VECTOR_CORE,47,168,0.840,1788186427961541.535	,1788186427961542.375	
3,sk_placeholder_kernel_dav_2201,AI_VECTOR_CORE,47,169,0.720,1788186427961542.395	,1788186427961543.115	
3,sk_scope_kernel_end_dav_2201,AI_VECTOR_CORE,47,170,0.760,1788186427961543.155	,1788186427961543.915	
3,sk_scope_kernel_begin_dav_2201,AI_VECTOR_CORE,47,171,0.760,1788186427961543.935	,1788186427961544.695	
3,sk_placeholder_kernel_dav_2201,AI_VECTOR_CORE,47,172,0.760,1788186427961601.195	,1788186427961601.955	
3,sk_placeholder_kernel_dav_2201,AI_VECTOR_CORE,47,173,0.760,1788186427961640.375	,1788186427961641.135	
3,GroupedMatmul_073724674f6bc75efdc841276e0eb3cc_335741442,MIX_AIC,47,174,51.040,1788186427963295.795	,1788186427963346.835	
3,DequantSwigluQuant_int32_high_performance_100000000,AI_VECTOR_CORE,47,175,8.040,1788186427963461.435	,1788186427963469.475	
3,GroupedMatmul_7027ddb93c25b26c6a749b5e1bdcd245_34697052674,MIX_AIC,47,176,42.140,1788186427965310.355	,1788186427965352.495	
3,DynamicQuant_bf16_1_high_performance_10,AI_VECTOR_CORE,47,177,327.240,1788186427965996.035	,1788186427966323.275	
3,clear_ops,MIX_AIC,47,178,32.780,1788186427966324.775	,1788186427966357.555	
3,sk_placeholder_kernel_dav_2201,AI_VECTOR_CORE,47,179,0.880,1788186427966358.675	,1788186427966359.555	
3,sk_placeholder_kernel_dav_2201,AI_VECTOR_CORE,47,180,0.760,1788186427966359.575	,1788186427966360.335	
3,sk_scope_kernel_end_dav_2201,AI_VECTOR_CORE,47,181,0.680,1788186427966360.355	,1788186427966361.035	
3,sk_scope_kernel_begin_dav_2201,AI_VECTOR_CORE,47,182,0.700,1788186427966394.295	,1788186427966394.995	
3,sk_placeholder_kernel_dav_2201,AI_VECTOR_CORE,47,183,0.660,1788186427966441.275	,1788186427966441.935	
3,sk_placeholder_kernel_dav_2201,AI_VECTOR_CORE,47,184,0.660,1788186427966480.095	,1788186427966480.755	
3,GroupedMatmul_073724674f6bc75efdc841276e0eb3cc_335741442,MIX_AIC,47,185,50.640,1788186427968123.755	,1788186427968174.395	
3,DequantSwigluQuant_int32_high_performance_100000000,AI_VECTOR_CORE,47,186,8.720,1788186427968298.555	,1788186427968307.275	
3,GroupedMatmul_7027ddb93c25b26c6a749b5e1bdcd245_34697052674,MIX_AIC,47,187,43.320,1788186427970152.995	,1788186427970196.315	
3,DynamicQuant_bf16_1_high_performance_10,AI_VECTOR_CORE,47,188,328.020,1788186427970840.855	,1788186427971168.875	
3,clear_ops,MIX_AIC,47,189,33.980,1788186427971170.175	,1788186427971204.155	
3,sk_placeholder_kernel_dav_2201,AI_VECTOR_CORE,47,190,0.960,1788186427971205.315	,1788186427971206.275	
3,sk_placeholder_kernel_dav_2201,AI_VECTOR_CORE,47,191,0.760,1788186427971206.295	,1788186427971207.055	
3,sk_scope_kernel_end_dav_2201,AI_VECTOR_CORE,47,192,0.800,1788186427971207.095	,1788186427971207.895	
3,sk_scope_kernel_begin_dav_2201,AI_VECTOR_CORE,47,193,0.800,1788186427971219.335	,1788186427971220.135	
3,sk_placeholder_kernel_dav_2201,AI_VECTOR_CORE,47,194,0.780,1788186427971265.175	,1788186427971265.955	
3,sk_placeholder_kernel_dav_2201,AI_VECTOR_CORE,47,195,0.780,1788186427971313.735	,1788186427971314.515	
3,GroupedMatmul_073724674f6bc75efdc841276e0eb3cc_335741442,MIX_AIC,47,196,51.300,1788186427972990.735	,1788186427973042.035	
3,DequantSwigluQuant_int32_high_performance_100000000,AI_VECTOR_CORE,47,197,8.260,1788186427973178.995	,1788186427973187.255	
3,GroupedMatmul_7027ddb93c25b26c6a749b5e1bdcd245_34697052674,MIX_AIC,47,198,43.860,1788186427975002.295	,1788186427975046.155	
3,DynamicQuant_bf16_1_high_performance_10,AI_VECTOR_CORE,47,199,328.020,1788186427975674.675	,1788186427976002.695	
3,clear_ops,MIX_AIC,47,200,34.380,1788186427976004.015	,1788186427976038.395	
3,sk_placeholder_kernel_dav_2201,AI_VECTOR_CORE,47,201,0.780,1788186427976039.175	,1788186427976039.955	
3,sk_placeholder_kernel_dav_2201,AI_VECTOR_CORE,47,202,0.680,1788186427976039.975	,1788186427976040.655	
3,sk_scope_kernel_end_dav_2201,AI_VECTOR_CORE,47,203,0.780,1788186427976040.675	,1788186427976041.455	
3,sk_scope_kernel_begin_dav_2201,AI_VECTOR_CORE,47,204,0.760,1788186427976056.775	,1788186427976057.535	
3,sk_placeholder_kernel_dav_2201,AI_VECTOR_CORE,47,205,0.740,1788186427976098.355	,1788186427976099.095	
3,sk_placeholder_kernel_dav_2201,AI_VECTOR_CORE,47,206,0.760,1788186427976135.475	,1788186427976136.235	
3,GroupedMatmul_073724674f6bc75efdc841276e0eb3cc_335741442,MIX_AIC,47,207,51.020,1788186427977774.035	,1788186427977825.055	
3,DequantSwigluQuant_int32_high_performance_100000000,AI_VECTOR_CORE,47,208,8.740,1788186427977933.015	,1788186427977941.755	
3,GroupedMatmul_7027ddb93c25b26c6a749b5e1bdcd245_34697052674,MIX_AIC,47,209,42.420,1788186427979767.055	,1788186427979809.475	
3,DynamicQuant_bf16_1_high_performance_10,AI_VECTOR_CORE,47,210,327.440,1788186427980467.355	,1788186427980794.795	
3,clear_ops,MIX_AIC,47,211,35.380,1788186427980796.075	,1788186427980831.455	
3,sk_placeholder_kernel_dav_2201,AI_VECTOR_CORE,47,212,0.900,1788186427980832.475	,1788186427980833.375	
3,sk_placeholder_kernel_dav_2201,AI_VECTOR_CORE,47,213,0.800,1788186427980833.395	,1788186427980834.195	
3,sk_scope_kernel_end_dav_2201,AI_VECTOR_CORE,47,214,0.840,1788186427980834.215	,1788186427980835.055	
3,sk_scope_kernel_begin_dav_2201,AI_VECTOR_CORE,47,215,0.840,1788186427980847.995	,1788186427980848.835	
3,sk_placeholder_kernel_dav_2201,AI_VECTOR_CORE,47,216,0.680,1788186427980892.175	,1788186427980892.855	
3,sk_placeholder_kernel_dav_2201,AI_VECTOR_CORE,47,217,0.680,1788186427980931.415	,1788186427980932.095	
3,GroupedMatmul_073724674f6bc75efdc841276e0eb3cc_335741442,MIX_AIC,47,218,49.620,1788186427982569.855	,1788186427982619.475	
3,DequantSwigluQuant_int32_high_performance_100000000,AI_VECTOR_CORE,47,219,8.520,1788186427982731.655	,1788186427982740.175	
3,GroupedMatmul_7027ddb93c25b26c6a749b5e1bdcd245_34697052674,MIX_AIC,47,220,40.920,1788186427984542.235	,1788186427984583.155	
3,DynamicQuant_bf16_1_high_performance_10,AI_VECTOR_CORE,47,221,329.460,1788186427985257.455	,1788186427985586.915	
3,clear_ops,MIX_AIC,47,222,33.960,1788186427985588.435	,1788186427985622.395	
3,sk_placeholder_kernel_dav_2201,AI_VECTOR_CORE,47,223,0.960,1788186427985623.595	,1788186427985624.555	
3,sk_placeholder_kernel_dav_2201,AI_VECTOR_CORE,47,224,0.740,1788186427985624.575	,1788186427985625.315	
3,sk_scope_kernel_end_dav_2201,AI_VECTOR_CORE,47,225,0.720,1788186427985625.335	,1788186427985626.055	
3,sk_scope_kernel_begin_dav_2201,AI_VECTOR_CORE,47,226,0.740,1788186427985626.095	,1788186427985626.835	
3,sk_placeholder_kernel_dav_2201,AI_VECTOR_CORE,47,227,0.720,1788186427985653.655	,1788186427985654.375	
3,sk_placeholder_kernel_dav_2201,AI_VECTOR_CORE,47,228,0.720,1788186427985691.035	,1788186427985691.755	
3,GroupedMatmul_073724674f6bc75efdc841276e0eb3cc_335741442,MIX_AIC,47,229,51.420,1788186427987314.475	,1788186427987365.895	
3,DequantSwigluQuant_int32_high_performance_100000000,AI_VECTOR_CORE,47,230,8.040,1788186427987495.735	,1788186427987503.775	
3,GroupedMatmul_7027ddb93c25b26c6a749b5e1bdcd245_34697052674,MIX_AIC,47,231,41.060,1788186427989327.955	,1788186427989369.015	
3,DynamicQuant_bf16_1_high_performance_10,AI_VECTOR_CORE,47,232,327.580,1788186427990028.735	,1788186427990356.315	
3,clear_ops,MIX_AIC,47,233,34.360,1788186427990357.815	,1788186427990392.175	
3,sk_placeholder_kernel_dav_2201,AI_VECTOR_CORE,47,234,0.820,1788186427990392.995	,1788186427990393.815	
3,sk_placeholder_kernel_dav_2201,AI_VECTOR_CORE,47,235,0.700,1788186427990393.835	,1788186427990394.535	
3,sk_scope_kernel_end_dav_2201,AI_VECTOR_CORE,47,236,0.740,1788186427990394.555	,1788186427990395.295	
3,sk_scope_kernel_begin_dav_2201,AI_VECTOR_CORE,47,237,0.740,1788186427990395.315	,1788186427990396.055	
3,sk_placeholder_kernel_dav_2201,AI_VECTOR_CORE,47,238,0.720,1788186427990421.815	,1788186427990422.535	
3,sk_placeholder_kernel_dav_2201,AI_VECTOR_CORE,47,239,0.720,1788186427990463.295	,1788186427990464.015	
3,GroupedMatmul_073724674f6bc75efdc841276e0eb3cc_335741442,MIX_AIC,47,240,49.060,1788186427992100.715	,1788186427992149.775	
3,DequantSwigluQuant_int32_high_performance_100000000,AI_VECTOR_CORE,47,241,8.200,1788186427992247.915	,1788186427992256.115	
3,GroupedMatmul_7027ddb93c25b26c6a749b5e1bdcd245_34697052674,MIX_AIC,47,242,38.820,1788186427994084.215	,1788186427994123.035	
3,DynamicQuant_bf16_1_high_performance_10,AI_VECTOR_CORE,47,243,331.700,1788186427994768.615	,1788186427995100.315	
3,clear_ops,MIX_AIC,47,244,33.060,1788186427995101.375	,1788186427995134.435	
3,sk_placeholder_kernel_dav_2201,AI_VECTOR_CORE,47,245,0.860,1788186427995135.315	,1788186427995136.175	
3,sk_placeholder_kernel_dav_2201,AI_VECTOR_CORE,47,246,0.720,1788186427995136.195	,1788186427995136.915	
3,sk_scope_kernel_end_dav_2201,AI_VECTOR_CORE,47,247,0.800,1788186427995136.935	,1788186427995137.735	
3,sk_scope_kernel_begin_dav_2201,AI_VECTOR_CORE,47,248,0.800,1788186427995137.755	,1788186427995138.555	
3,sk_placeholder_kernel_dav_2201,AI_VECTOR_CORE,47,249,0.780,1788186427995183.075	,1788186427995183.855	
3,sk_placeholder_kernel_dav_2201,AI_VECTOR_CORE,47,250,0.780,1788186427995224.055	,1788186427995224.835	
3,GroupedMatmul_073724674f6bc75efdc841276e0eb3cc_335741442,MIX_AIC,47,251,49.720,1788186427996838.575	,1788186427996888.295	
3,DequantSwigluQuant_int32_high_performance_100000000,AI_VECTOR_CORE,47,252,8.700,1788186427996999.855	,1788186427997008.555	
3,GroupedMatmul_7027ddb93c25b26c6a749b5e1bdcd245_34697052674,MIX_AIC,47,253,40.840,1788186427998857.095	,1788186427998897.935	
3,DynamicQuant_bf16_1_high_performance_10,AI_VECTOR_CORE,47,254,329.040,1788186427999538.935	,1788186427999867.975	
3,clear_ops,MIX_AIC,47,255,34.800,1788186427999869.575	,1788186427999904.375	
3,sk_placeholder_kernel_dav_2201,AI_VECTOR_CORE,47,256,1.000,1788186427999905.295	,1788186427999906.295	
3,sk_placeholder_kernel_dav_2201,AI_VECTOR_CORE,47,257,0.740,1788186427999906.315	,1788186427999907.055	
3,sk_scope_kernel_end_dav_2201,AI_VECTOR_CORE,47,258,0.760,1788186427999907.075	,1788186427999907.835	
3,sk_scope_kernel_begin_dav_2201,AI_VECTOR_CORE,47,259,0.760,1788186427999916.615	,1788186427999917.375	
3,sk_placeholder_kernel_dav_2201,AI_VECTOR_CORE,47,260,0.760,1788186427999961.915	,1788186427999962.675	
3,sk_placeholder_kernel_dav_2201,AI_VECTOR_CORE,47,261,0.760,1788186427999999.155	,1788186427999999.915	
3,GroupedMatmul_073724674f6bc75efdc841276e0eb3cc_335741442,MIX_AIC,47,262,50.780,1788186428001641.295	,1788186428001692.075	
3,DequantSwigluQuant_int32_high_performance_100000000,AI_VECTOR_CORE,47,263,9.140,1788186428001800.355	,1788186428001809.495	
3,GroupedMatmul_7027ddb93c25b26c6a749b5e1bdcd245_34697052674,MIX_AIC,47,264,44.160,1788186428003624.895	,1788186428003669.055	
3,DynamicQuant_bf16_1_high_performance_10,AI_VECTOR_CORE,47,265,330.340,1788186428004298.375	,1788186428004628.715	
3,clear_ops,MIX_AIC,47,266,34.720,1788186428004630.115	,1788186428004664.835	
3,sk_placeholder_kernel_dav_2201,AI_VECTOR_CORE,47,267,0.900,1788186428004665.895	,1788186428004666.795	
3,sk_placeholder_kernel_dav_2201,AI_VECTOR_CORE,47,268,0.780,1788186428004666.835	,1788186428004667.615	
3,sk_scope_kernel_end_dav_2201,AI_VECTOR_CORE,47,269,0.780,1788186428004667.635	,1788186428004668.415	
3,sk_scope_kernel_begin_dav_2201,AI_VECTOR_CORE,47,270,0.760,1788186428004675.595	,1788186428004676.355	
3,sk_placeholder_kernel_dav_2201,AI_VECTOR_CORE,47,271,0.720,1788186428004726.675	,1788186428004727.395	
3,sk_placeholder_kernel_dav_2201,AI_VECTOR_CORE,47,272,0.740,1788186428004761.615	,1788186428004762.355	
3,GroupedMatmul_073724674f6bc75efdc841276e0eb3cc_335741442,MIX_AIC,47,273,49.240,1788186428006436.515	,1788186428006485.755	
3,DequantSwigluQuant_int32_high_performance_100000000,AI_VECTOR_CORE,47,274,8.860,1788186428006598.735	,1788186428006607.595	
3,GroupedMatmul_7027ddb93c25b26c6a749b5e1bdcd245_34697052674,MIX_AIC,47,275,42.520,1788186428008451.755	,1788186428008494.275	
3,DynamicQuant_bf16_1_high_performance_10,AI_VECTOR_CORE,47,276,329.260,1788186428009152.195	,1788186428009481.455	
3,clear_ops,MIX_AIC,47,277,34.280,1788186428009482.635	,1788186428009516.915	
3,sk_placeholder_kernel_dav_2201,AI_VECTOR_CORE,47,278,0.860,1788186428009517.775	,1788186428009518.635	
3,sk_placeholder_kernel_dav_2201,AI_VECTOR_CORE,47,279,0.760,1788186428009518.655	,1788186428009519.415	
3,sk_scope_kernel_end_dav_2201,AI_VECTOR_CORE,47,280,0.780,1788186428009519.435	,1788186428009520.215	
3,sk_scope_kernel_begin_dav_2201,AI_VECTOR_CORE,47,281,0.800,1788186428009536.215	,1788186428009537.015	
3,sk_placeholder_kernel_dav_2201,AI_VECTOR_CORE,47,282,0.660,1788186428009569.955	,1788186428009570.615	
3,sk_placeholder_kernel_dav_2201,AI_VECTOR_CORE,47,283,0.660,1788186428009612.375	,1788186428009613.035	
3,GroupedMatmul_073724674f6bc75efdc841276e0eb3cc_335741442,MIX_AIC,47,284,49.180,1788186428011230.535	,1788186428011279.715	
3,DequantSwigluQuant_int32_high_performance_100000000,AI_VECTOR_CORE,47,285,8.540,1788186428011397.315	,1788186428011405.855	
3,GroupedMatmul_7027ddb93c25b26c6a749b5e1bdcd245_34697052674,MIX_AIC,47,286,41.980,1788186428013228.635	,1788186428013270.615	
3,DynamicQuant_bf16_1_high_performance_10,AI_VECTOR_CORE,47,287,327.580,1788186428013905.955	,1788186428014233.535	
3,clear_ops,MIX_AIC,47,288,34.240,1788186428014234.975	,1788186428014269.215	
3,sk_placeholder_kernel_dav_2201,AI_VECTOR_CORE,47,289,0.840,1788186428014270.115	,1788186428014270.955	
3,sk_placeholder_kernel_dav_2201,AI_VECTOR_CORE,47,290,0.720,1788186428014270.995	,1788186428014271.715	
3,sk_scope_kernel_end_dav_2201,AI_VECTOR_CORE,47,291,0.800,1788186428014271.735	,1788186428014272.535	
3,sk_scope_kernel_begin_dav_2201,AI_VECTOR_CORE,47,292,0.800,1788186428014283.955	,1788186428014284.755	
3,sk_placeholder_kernel_dav_2201,AI_VECTOR_CORE,47,293,0.760,1788186428014323.195	,1788186428014323.955	
3,sk_placeholder_kernel_dav_2201,AI_VECTOR_CORE,47,294,0.760,1788186428014365.555	,1788186428014366.315	
3,GroupedMatmul_073724674f6bc75efdc841276e0eb3cc_335741442,MIX_AIC,47,295,52.200,1788186428015969.135	,1788186428016021.335	
3,DequantSwigluQuant_int32_high_performance_100000000,AI_VECTOR_CORE,47,296,8.720,1788186428016154.355	,1788186428016163.075	
3,GroupedMatmul_7027ddb93c25b26c6a749b5e1bdcd245_34697052674,MIX_AIC,47,297,39.960,1788186428017998.335	,1788186428018038.295	
3,DynamicQuant_bf16_1_high_performance_10,AI_VECTOR_CORE,47,298,328.200,1788186428018689.675	,1788186428019017.875	
3,clear_ops,MIX_AIC,47,299,35.260,1788186428019019.175	,1788186428019054.435	
3,sk_placeholder_kernel_dav_2201,AI_VECTOR_CORE,47,300,0.780,1788186428019055.535	,1788186428019056.315	
3,sk_placeholder_kernel_dav_2201,AI_VECTOR_CORE,47,301,0.680,1788186428019056.335	,1788186428019057.015	
3,sk_scope_kernel_end_dav_2201,AI_VECTOR_CORE,47,302,0.700,1788186428019057.035	,1788186428019057.735	
3,sk_scope_kernel_begin_dav_2201,AI_VECTOR_CORE,47,303,0.700,1788186428019057.755	,1788186428019058.455	
3,sk_placeholder_kernel_dav_2201,AI_VECTOR_CORE,47,304,0.700,1788186428019088.795	,1788186428019089.495	
3,sk_placeholder_kernel_dav_2201,AI_VECTOR_CORE,47,305,0.720,1788186428019131.115	,1788186428019131.835	
3,GroupedMatmul_073724674f6bc75efdc841276e0eb3cc_335741442,MIX_AIC,47,306,51.460,1788186428020738.695	,1788186428020790.155	
3,DequantSwigluQuant_int32_high_performance_100000000,AI_VECTOR_CORE,47,307,9.860,1788186428020923.715	,1788186428020933.575	
3,GroupedMatmul_7027ddb93c25b26c6a749b5e1bdcd245_34697052674,MIX_AIC,47,308,42.280,1788186428022740.375	,1788186428022782.655	
3,DynamicQuant_bf16_1_high_performance_10,AI_VECTOR_CORE,47,309,330.860,1788186428023412.095	,1788186428023742.955	
3,clear_ops,MIX_AIC,47,310,34.120,1788186428023744.375	,1788186428023778.495	
3,sk_placeholder_kernel_dav_2201,AI_VECTOR_CORE,47,311,0.880,1788186428023779.515	,1788186428023780.395	
3,sk_placeholder_kernel_dav_2201,AI_VECTOR_CORE,47,312,0.760,1788186428023780.415	,1788186428023781.175	
3,sk_scope_kernel_end_dav_2201,AI_VECTOR_CORE,47,313,0.840,1788186428023781.195	,1788186428023782.035	
3,sk_scope_kernel_begin_dav_2201,AI_VECTOR_CORE,47,314,0.820,1788186428023782.055	,1788186428023782.875	
3,sk_placeholder_kernel_dav_2201,AI_VECTOR_CORE,47,315,0.820,1788186428023804.455	,1788186428023805.275	
3,sk_placeholder_kernel_dav_2201,AI_VECTOR_CORE,47,316,0.820,1788186428023837.535	,1788186428023838.355	
3,GroupedMatmul_073724674f6bc75efdc841276e0eb3cc_335741442,MIX_AIC,47,317,51.140,1788186428025551.555	,1788186428025602.695	
3,DequantSwigluQuant_int32_high_performance_100000000,AI_VECTOR_CORE,47,318,8.980,1788186428025709.575	,1788186428025718.555	
3,GroupedMatmul_7027ddb93c25b26c6a749b5e1bdcd245_34697052674,MIX_AIC,47,319,42.340,1788186428027537.955	,1788186428027580.295	
3,DynamicQuant_bf16_1_high_performance_10,AI_VECTOR_CORE,47,320,330.240,1788186428028212.255	,1788186428028542.495	
3,clear_ops,MIX_AIC,47,321,34.760,1788186428028544.015	,1788186428028578.775	
3,sk_placeholder_kernel_dav_2201,AI_VECTOR_CORE,47,322,0.820,1788186428028579.775	,1788186428028580.595	
3,sk_placeholder_kernel_dav_2201,AI_VECTOR_CORE,47,323,0.700,1788186428028580.635	,1788186428028581.335	
3,sk_scope_kernel_end_dav_2201,AI_VECTOR_CORE,47,324,0.780,1788186428028581.355	,1788186428028582.135	
3,sk_scope_kernel_begin_dav_2201,AI_VECTOR_CORE,47,325,0.760,1788186428028582.155	,1788186428028582.915	
3,sk_placeholder_kernel_dav_2201,AI_VECTOR_CORE,47,326,0.700,1788186428028608.095	,1788186428028608.795	
3,sk_placeholder_kernel_dav_2201,AI_VECTOR_CORE,47,327,0.700,1788186428028662.915	,1788186428028663.615	
3,GroupedMatmul_073724674f6bc75efdc841276e0eb3cc_335741442,MIX_AIC,47,328,51.280,1788186428030292.255	,1788186428030343.535	
3,DequantSwigluQuant_int32_high_performance_100000000,AI_VECTOR_CORE,47,329,8.720,1788186428030453.835	,1788186428030462.555	
3,GroupedMatmul_7027ddb93c25b26c6a749b5e1bdcd245_34697052674,MIX_AIC,47,330,41.680,1788186428032273.535	,1788186428032315.215	
3,DynamicQuant_bf16_1_high_performance_10,AI_VECTOR_CORE,47,331,327.020,1788186428032946.875	,1788186428033273.895	
3,clear_ops,MIX_AIC,47,332,33.180,1788186428033275.455	,1788186428033308.635	
3,sk_placeholder_kernel_dav_2201,AI_VECTOR_CORE,47,333,0.920,1788186428033309.395	,1788186428033310.315	
3,sk_placeholder_kernel_dav_2201,AI_VECTOR_CORE,47,334,0.800,1788186428033310.335	,1788186428033311.135	
3,sk_scope_kernel_end_dav_2201,AI_VECTOR_CORE,47,335,0.740,1788186428033311.155	,1788186428033311.895	
3,sk_scope_kernel_begin_dav_2201,AI_VECTOR_CORE,47,336,0.720,1788186428033344.035	,1788186428033344.755	
3,sk_placeholder_kernel_dav_2201,AI_VECTOR_CORE,47,337,0.760,1788186428033382.075	,1788186428033382.835	
3,sk_placeholder_kernel_dav_2201,AI_VECTOR_CORE,47,338,0.680,1788186428033426.795	,1788186428033427.475	
3,GroupedMatmul_073724674f6bc75efdc841276e0eb3cc_335741442,MIX_AIC,47,339,48.760,1788186428035067.855	,1788186428035116.615	
3,DequantSwigluQuant_int32_high_performance_100000000,AI_VECTOR_CORE,47,340,8.600,1788186428035239.835	,1788186428035248.435	
3,GroupedMatmul_7027ddb93c25b26c6a749b5e1bdcd245_34697052674,MIX_AIC,47,341,41.460,1788186428037060.695	,1788186428037102.155	
3,DynamicQuant_bf16_1_high_performance_10,AI_VECTOR_CORE,47,342,328.580,1788186428037764.175	,1788186428038092.755	
3,clear_ops,MIX_AIC,47,343,33.560,1788186428038094.215	,1788186428038127.775	
3,sk_placeholder_kernel_dav_2201,AI_VECTOR_CORE,47,344,0.900,1788186428038128.755	,1788186428038129.655	
3,sk_placeholder_kernel_dav_2201,AI_VECTOR_CORE,47,345,0.700,1788186428038129.675	,1788186428038130.375	
3,sk_scope_kernel_end_dav_2201,AI_VECTOR_CORE,47,346,0.760,1788186428038130.395	,1788186428038131.155	
3,sk_scope_kernel_begin_dav_2201,AI_VECTOR_CORE,47,347,0.740,1788186428038152.015	,1788186428038152.755	
3,sk_placeholder_kernel_dav_2201,AI_VECTOR_CORE,47,348,0.760,1788186428038183.515	,1788186428038184.275	
3,sk_placeholder_kernel_dav_2201,AI_VECTOR_CORE,47,349,0.760,1788186428038233.255	,1788186428038234.015	
3,GroupedMatmul_073724674f6bc75efdc841276e0eb3cc_335741442,MIX_AIC,47,350,49.820,1788186428039838.395	,1788186428039888.215	
3,DequantSwigluQuant_int32_high_performance_100000000,AI_VECTOR_CORE,47,351,8.540,1788186428040009.415	,1788186428040017.955	
3,GroupedMatmul_7027ddb93c25b26c6a749b5e1bdcd245_34697052674,MIX_AIC,47,352,41.700,1788186428041832.435	,1788186428041874.135	
3,DynamicQuant_bf16_1_high_performance_10,AI_VECTOR_CORE,47,353,327.880,1788186428042501.735	,1788186428042829.615	
3,clear_ops,MIX_AIC,47,354,34.920,1788186428042831.215	,1788186428042866.135	
3,sk_placeholder_kernel_dav_2201,AI_VECTOR_CORE,47,355,0.800,1788186428042866.955	,1788186428042867.755	
3,sk_placeholder_kernel_dav_2201,AI_VECTOR_CORE,47,356,0.700,1788186428042867.775	,1788186428042868.475	
3,sk_scope_kernel_end_dav_2201,AI_VECTOR_CORE,47,357,0.760,1788186428042868.495	,1788186428042869.255	
3,sk_scope_kernel_begin_dav_2201,AI_VECTOR_CORE,47,358,0.780,1788186428042883.315	,1788186428042884.095	
3,sk_placeholder_kernel_dav_2201,AI_VECTOR_CORE,47,359,0.720,1788186428042928.535	,1788186428042929.255	
3,sk_placeholder_kernel_dav_2201,AI_VECTOR_CORE,47,360,0.740,1788186428042962.575	,1788186428042963.315	
3,GroupedMatmul_073724674f6bc75efdc841276e0eb3cc_335741442,MIX_AIC,47,361,49.440,1788186428044606.455	,1788186428044655.895	
3,DequantSwigluQuant_int32_high_performance_100000000,AI_VECTOR_CORE,47,362,13.340,1788186428044768.375	,1788186428044781.715	
3,GroupedMatmul_7027ddb93c25b26c6a749b5e1bdcd245_34697052674,MIX_AIC,47,363,41.900,1788186428046596.835	,1788186428046638.735	
3,DynamicQuant_bf16_1_high_performance_10,AI_VECTOR_CORE,47,364,327.700,1788186428047270.175	,1788186428047597.875	
3,clear_ops,MIX_AIC,47,365,34.600,1788186428047599.115	,1788186428047633.715	
3,sk_placeholder_kernel_dav_2201,AI_VECTOR_CORE,47,366,0.880,1788186428047634.895	,1788186428047635.775	
3,sk_placeholder_kernel_dav_2201,AI_VECTOR_CORE,47,367,0.760,1788186428047635.815	,1788186428047636.575	
3,sk_scope_kernel_end_dav_2201,AI_VECTOR_CORE,47,368,0.840,1788186428047636.595	,1788186428047637.435	
3,sk_scope_kernel_begin_dav_2201,AI_VECTOR_CORE,47,369,0.840,1788186428047643.515	,1788186428047644.355	
3,sk_placeholder_kernel_dav_2201,AI_VECTOR_CORE,47,370,0.740,1788186428047683.455	,1788186428047684.195	
3,sk_placeholder_kernel_dav_2201,AI_VECTOR_CORE,47,371,0.740,1788186428047737.115	,1788186428047737.855	
3,GroupedMatmul_073724674f6bc75efdc841276e0eb3cc_335741442,MIX_AIC,47,372,52.460,1788186428049361.255	,1788186428049413.715	
3,DequantSwigluQuant_int32_high_performance_100000000,AI_VECTOR_CORE,47,373,8.200,1788186428049526.175	,1788186428049534.375	
3,GroupedMatmul_7027ddb93c25b26c6a749b5e1bdcd245_34697052674,MIX_AIC,47,374,41.000,1788186428051345.995	,1788186428051386.995	
3,DynamicQuant_bf16_1_high_performance_10,AI_VECTOR_CORE,47,375,333.600,1788186428052057.575	,1788186428052391.175	
3,clear_ops,MIX_AIC,47,376,35.100,1788186428052392.735	,1788186428052427.835	
3,sk_placeholder_kernel_dav_2201,AI_VECTOR_CORE,47,377,0.820,1788186428052429.095	,1788186428052429.915	
3,sk_placeholder_kernel_dav_2201,AI_VECTOR_CORE,47,378,0.720,1788186428052429.935	,1788186428052430.655	
3,sk_scope_kernel_end_dav_2201,AI_VECTOR_CORE,47,379,0.780,1788186428052430.675	,1788186428052431.455	
3,sk_scope_kernel_begin_dav_2201,AI_VECTOR_CORE,47,380,0.780,1788186428052431.495	,1788186428052432.275	
3,sk_placeholder_kernel_dav_2201,AI_VECTOR_CORE,47,381,0.760,1788186428052459.035	,1788186428052459.795	
3,sk_placeholder_kernel_dav_2201,AI_VECTOR_CORE,47,382,0.780,1788186428052506.135	,1788186428052506.915	
3,GroupedMatmul_073724674f6bc75efdc841276e0eb3cc_335741442,MIX_AIC,47,383,50.580,1788186428054157.035	,1788186428054207.615	
3,DequantSwigluQuant_int32_high_performance_100000000,AI_VECTOR_CORE,47,384,8.680,1788186428054324.815	,1788186428054333.495	
3,GroupedMatmul_7027ddb93c25b26c6a749b5e1bdcd245_34697052674,MIX_AIC,47,385,41.640,1788186428056148.755	,1788186428056190.395	
3,DynamicQuant_bf16_1_high_performance_10,AI_VECTOR_CORE,47,386,328.320,1788186428056800.075	,1788186428057128.395	
3,clear_ops,MIX_AIC,47,387,34.720,1788186428057129.535	,1788186428057164.255	
3,sk_placeholder_kernel_dav_2201,AI_VECTOR_CORE,47,388,0.900,1788186428057165.255	,1788186428057166.155	
3,sk_placeholder_kernel_dav_2201,AI_VECTOR_CORE,47,389,0.720,1788186428057166.175	,1788186428057166.895	
3,sk_scope_kernel_end_dav_2201,AI_VECTOR_CORE,47,390,0.780,1788186428057166.935	,1788186428057167.715	
3,sk_scope_kernel_begin_dav_2201,AI_VECTOR_CORE,47,391,0.780,1788186428057167.735	,1788186428057168.515	
3,sk_placeholder_kernel_dav_2201,AI_VECTOR_CORE,47,392,0.780,1788186428057212.455	,1788186428057213.235	
3,sk_placeholder_kernel_dav_2201,AI_VECTOR_CORE,47,393,0.780,1788186428057242.815	,1788186428057243.595	
3,GroupedMatmul_073724674f6bc75efdc841276e0eb3cc_335741442,MIX_AIC,47,394,50.940,1788186428058880.975	,1788186428058931.915	
3,DequantSwigluQuant_int32_high_performance_100000000,AI_VECTOR_CORE,47,395,8.900,1788186428059021.595	,1788186428059030.495	
3,GroupedMatmul_7027ddb93c25b26c6a749b5e1bdcd245_34697052674,MIX_AIC,47,396,40.700,1788186428060828.475	,1788186428060869.175	
3,DynamicQuant_bf16_1_high_performance_10,AI_VECTOR_CORE,47,397,328.200,1788186428061558.975	,1788186428061887.175	
3,clear_ops,MIX_AIC,47,398,34.760,1788186428061888.335	,1788186428061923.095	
3,sk_placeholder_kernel_dav_2201,AI_VECTOR_CORE,47,399,0.880,1788186428061924.115	,1788186428061924.995	
3,sk_placeholder_kernel_dav_2201,AI_VECTOR_CORE,47,400,0.780,1788186428061925.015	,1788186428061925.795	
3,sk_scope_kernel_end_dav_2201,AI_VECTOR_CORE,47,401,0.700,1788186428061925.815	,1788186428061926.515	
3,sk_scope_kernel_begin_dav_2201,AI_VECTOR_CORE,47,402,0.700,1788186428061926.535	,1788186428061927.235	
3,sk_placeholder_kernel_dav_2201,AI_VECTOR_CORE,47,403,0.660,1788186428061950.935	,1788186428061951.595	
3,sk_placeholder_kernel_dav_2201,AI_VECTOR_CORE,47,404,0.680,1788186428062011.415	,1788186428062012.095	
3,GroupedMatmul_073724674f6bc75efdc841276e0eb3cc_335741442,MIX_AIC,47,405,49.220,1788186428063620.295	,1788186428063669.515	
3,DequantSwigluQuant_int32_high_performance_100000000,AI_VECTOR_CORE,47,406,8.580,1788186428063783.815	,1788186428063792.395	
3,GroupedMatmul_7027ddb93c25b26c6a749b5e1bdcd245_34697052674,MIX_AIC,47,407,42.120,1788186428065628.415	,1788186428065670.535	
3,DynamicQuant_bf16_1_high_performance_10,AI_VECTOR_CORE,47,408,330.600,1788186428066299.315	,1788186428066629.915	
3,clear_ops,MIX_AIC,47,409,33.520,1788186428066631.115	,1788186428066664.635	
3,sk_placeholder_kernel_dav_2201,AI_VECTOR_CORE,47,410,0.880,1788186428066665.695	,1788186428066666.575	
3,sk_placeholder_kernel_dav_2201,AI_VECTOR_CORE,47,411,0.780,1788186428066666.595	,1788186428066667.375	
3,sk_scope_kernel_end_dav_2201,AI_VECTOR_CORE,47,412,0.820,1788186428066667.395	,1788186428066668.215	
3,sk_scope_kernel_begin_dav_2201,AI_VECTOR_CORE,47,413,0.800,1788186428066668.235	,1788186428066669.035	
3,sk_placeholder_kernel_dav_2201,AI_VECTOR_CORE,47,414,0.800,1788186428066709.795	,1788186428066710.595	
3,sk_placeholder_kernel_dav_2201,AI_VECTOR_CORE,47,415,0.800,1788186428066752.295	,1788186428066753.095	
3,GroupedMatmul_073724674f6bc75efdc841276e0eb3cc_335741442,MIX_AIC,47,416,51.800,1788186428068362.195	,1788186428068413.995	
3,DequantSwigluQuant_int32_high_performance_100000000,AI_VECTOR_CORE,47,417,9.480,1788186428068527.155	,1788186428068536.635	
3,GroupedMatmul_7027ddb93c25b26c6a749b5e1bdcd245_34697052674,MIX_AIC,47,418,38.420,1788186428070384.855	,1788186428070423.275	
3,DynamicQuant_bf16_1_high_performance_10,AI_VECTOR_CORE,47,419,329.420,1788186428071067.275	,1788186428071396.695	
3,clear_ops,MIX_AIC,47,420,32.540,1788186428071397.735	,1788186428071430.275	
3,sk_placeholder_kernel_dav_2201,AI_VECTOR_CORE,47,421,0.800,1788186428071431.035	,1788186428071431.835	
3,sk_placeholder_kernel_dav_2201,AI_VECTOR_CORE,47,422,0.660,1788186428071431.855	,1788186428071432.515	
3,sk_scope_kernel_end_dav_2201,AI_VECTOR_CORE,47,423,0.760,1788186428071432.535	,1788186428071433.295	
3,sk_scope_kernel_begin_dav_2201,AI_VECTOR_CORE,47,424,0.740,1788186428071443.875	,1788186428071444.615	
3,sk_placeholder_kernel_dav_2201,AI_VECTOR_CORE,47,425,0.740,1788186428071492.395	,1788186428071493.135	
3,sk_placeholder_kernel_dav_2201,AI_VECTOR_CORE,47,426,0.740,1788186428071521.915	,1788186428071522.655	
3,GroupedMatmul_073724674f6bc75efdc841276e0eb3cc_335741442,MIX_AIC,47,427,49.300,1788186428073169.475	,1788186428073218.775	
3,DequantSwigluQuant_int32_high_performance_100000000,AI_VECTOR_CORE,47,428,8.700,1788186428073330.295	,1788186428073338.995	
3,GroupedMatmul_7027ddb93c25b26c6a749b5e1bdcd245_34697052674,MIX_AIC,47,429,42.300,1788186428075131.775	,1788186428075174.075	
3,DynamicQuant_bf16_1_high_performance_10,AI_VECTOR_CORE,47,430,330.880,1788186428075802.275	,1788186428076133.155	
3,clear_ops,MIX_AIC,47,431,35.420,1788186428076134.455	,1788186428076169.875	
3,sk_placeholder_kernel_dav_2201,AI_VECTOR_CORE,47,432,0.900,1788186428076170.775	,1788186428076171.675	
3,sk_placeholder_kernel_dav_2201,AI_VECTOR_CORE,47,433,0.780,1788186428076171.695	,1788186428076172.475	
3,sk_scope_kernel_end_dav_2201,AI_VECTOR_CORE,47,434,0.840,1788186428076172.515	,1788186428076173.355	
3,sk_scope_kernel_begin_dav_2201,AI_VECTOR_CORE,47,435,0.860,1788186428076218.955	,1788186428076219.815	
3,sk_placeholder_kernel_dav_2201,AI_VECTOR_CORE,47,436,0.700,1788186428076264.695	,1788186428076265.395	
3,sk_placeholder_kernel_dav_2201,AI_VECTOR_CORE,47,437,0.700,1788186428076298.155	,1788186428076298.855	
3,GroupedMatmul_073724674f6bc75efdc841276e0eb3cc_335741442,MIX_AIC,47,438,50.480,1788186428077921.075	,1788186428077971.555	
3,DequantSwigluQuant_int32_high_performance_100000000,AI_VECTOR_CORE,47,439,9.680,1788186428078081.875	,1788186428078091.555	
3,GroupedMatmul_7027ddb93c25b26c6a749b5e1bdcd245_34697052674,MIX_AIC,47,440,41.280,1788186428079916.815	,1788186428079958.095	
3,DynamicQuant_bf16_1_high_performance_10,AI_VECTOR_CORE,47,441,328.860,1788186428080597.155	,1788186428080926.015	
3,clear_ops,MIX_AIC,47,442,34.560,1788186428080927.415	,1788186428080961.975	
3,sk_placeholder_kernel_dav_2201,AI_VECTOR_CORE,47,443,0.860,1788186428080963.195	,1788186428080964.055	
3,sk_placeholder_kernel_dav_2201,AI_VECTOR_CORE,47,444,0.740,1788186428080964.075	,1788186428080964.815	
3,sk_scope_kernel_end_dav_2201,AI_VECTOR_CORE,47,445,0.740,1788186428080964.835	,1788186428080965.575	
3,sk_scope_kernel_begin_dav_2201,AI_VECTOR_CORE,47,446,0.720,1788186428080971.035	,1788186428080971.755	
3,sk_placeholder_kernel_dav_2201,AI_VECTOR_CORE,47,447,0.700,1788186428081024.275	,1788186428081024.975	
3,sk_placeholder_kernel_dav_2201,AI_VECTOR_CORE,47,448,0.700,1788186428081068.355	,1788186428081069.055	
3,GroupedMatmul_073724674f6bc75efdc841276e0eb3cc_335741442,MIX_AIC,47,449,50.280,1788186428082695.055	,1788186428082745.335	
3,DequantSwigluQuant_int32_high_performance_100000000,AI_VECTOR_CORE,47,450,8.820,1788186428082859.015	,1788186428082867.835	
3,GroupedMatmul_7027ddb93c25b26c6a749b5e1bdcd245_34697052674,MIX_AIC,47,451,41.440,1788186428084665.675	,1788186428084707.115	
3,DynamicQuant_bf16_1_high_performance_10,AI_VECTOR_CORE,47,452,328.060,1788186428085377.435	,1788186428085705.495	
3,clear_ops,MIX_AIC,47,453,32.900,1788186428085707.095	,1788186428085739.995	
3,sk_placeholder_kernel_dav_2201,AI_VECTOR_CORE,47,454,0.800,1788186428085740.995	,1788186428085741.795	
3,sk_placeholder_kernel_dav_2201,AI_VECTOR_CORE,47,455,0.700,1788186428085741.815	,1788186428085742.515	
3,sk_scope_kernel_end_dav_2201,AI_VECTOR_CORE,47,456,0.720,1788186428085742.535	,1788186428085743.255	
3,sk_scope_kernel_begin_dav_2201,AI_VECTOR_CORE,47,457,0.720,1788186428085743.275	,1788186428085743.995	
3,sk_placeholder_kernel_dav_2201,AI_VECTOR_CORE,47,458,0.720,1788186428085775.795	,1788186428085776.515	
3,sk_placeholder_kernel_dav_2201,AI_VECTOR_CORE,47,459,0.720,1788186428085818.915	,1788186428085819.635	
3,GroupedMatmul_073724674f6bc75efdc841276e0eb3cc_335741442,MIX_AIC,47,460,49.760,1788186428087434.175	,1788186428087483.935	
3,DequantSwigluQuant_int32_high_performance_100000000,AI_VECTOR_CORE,47,461,13.260,1788186428087624.275	,1788186428087637.535	
3,GroupedMatmul_7027ddb93c25b26c6a749b5e1bdcd245_34697052674,MIX_AIC,47,462,42.240,1788186428089509.935	,1788186428089552.175	
3,DynamicQuant_bf16_1_high_performance_10,AI_VECTOR_CORE,47,463,327.540,1788186428090171.255	,1788186428090498.795	
3,clear_ops,MIX_AIC,47,464,33.100,1788186428090500.255	,1788186428090533.355	
3,sk_placeholder_kernel_dav_2201,AI_VECTOR_CORE,47,465,0.820,1788186428090534.135	,1788186428090534.955	
3,sk_placeholder_kernel_dav_2201,AI_VECTOR_CORE,47,466,0.700,1788186428090534.975	,1788186428090535.675	
3,sk_scope_kernel_end_dav_2201,AI_VECTOR_CORE,47,467,0.780,1788186428090535.715	,1788186428090536.495	
3,sk_scope_kernel_begin_dav_2201,AI_VECTOR_CORE,47,468,0.800,1788186428090536.515	,1788186428090537.315	
3,sk_placeholder_kernel_dav_2201,AI_VECTOR_CORE,47,469,0.780,1788186428090569.275	,1788186428090570.055	
3,sk_placeholder_kernel_dav_2201,AI_VECTOR_CORE,47,470,0.780,1788186428090598.835	,1788186428090599.615	
3,GroupedMatmul_073724674f6bc75efdc841276e0eb3cc_335741442,MIX_AIC,47,471,49.220,1788186428092221.335	,1788186428092270.555	
3,DequantSwigluQuant_int32_high_performance_100000000,AI_VECTOR_CORE,47,472,9.680,1788186428092401.975	,1788186428092411.655	
3,GroupedMatmul_7027ddb93c25b26c6a749b5e1bdcd245_34697052674,MIX_AIC,47,473,41.980,1788186428094231.615	,1788186428094273.595	
3,DynamicQuant_bf16_1_high_performance_10,AI_VECTOR_CORE,47,474,327.620,1788186428094911.955	,1788186428095239.575	
3,clear_ops,MIX_AIC,47,475,33.240,1788186428095240.715	,1788186428095273.955	
3,sk_placeholder_kernel_dav_2201,AI_VECTOR_CORE,47,476,0.840,1788186428095274.675	,1788186428095275.515	
3,sk_placeholder_kernel_dav_2201,AI_VECTOR_CORE,47,477,0.720,1788186428095275.535	,1788186428095276.255	
3,sk_scope_kernel_end_dav_2201,AI_VECTOR_CORE,47,478,0.760,1788186428095276.275	,1788186428095277.035	
3,sk_scope_kernel_begin_dav_2201,AI_VECTOR_CORE,47,479,0.760,1788186428095277.055	,1788186428095277.815	
3,sk_placeholder_kernel_dav_2201,AI_VECTOR_CORE,47,480,0.760,1788186428095304.835	,1788186428095305.595	
3,sk_placeholder_kernel_dav_2201,AI_VECTOR_CORE,47,481,0.760,1788186428095369.115	,1788186428095369.875	
3,GroupedMatmul_073724674f6bc75efdc841276e0eb3cc_335741442,MIX_AIC,47,482,52.380,1788186428096980.515	,1788186428097032.895	
3,DequantSwigluQuant_int32_high_performance_100000000,AI_VECTOR_CORE,47,483,7.960,1788186428097199.995	,1788186428097207.955	
3,GroupedMatmul_7027ddb93c25b26c6a749b5e1bdcd245_34697052674,MIX_AIC,47,484,37.440,1788186428099005.935	,1788186428099043.375	
3,DynamicQuant_bf16_1_high_performance_10,AI_VECTOR_CORE,47,485,328.880,1788186428099708.635	,1788186428100037.515	
3,clear_ops,MIX_AIC,47,486,33.460,1788186428100038.675	,1788186428100072.135	
3,sk_placeholder_kernel_dav_2201,AI_VECTOR_CORE,47,487,0.880,1788186428100073.215	,1788186428100074.095	
3,sk_placeholder_kernel_dav_2201,AI_VECTOR_CORE,47,488,0.780,1788186428100074.115	,1788186428100074.895	
3,sk_scope_kernel_end_dav_2201,AI_VECTOR_CORE,47,489,0.760,1788186428100074.935	,1788186428100075.695	
3,sk_scope_kernel_begin_dav_2201,AI_VECTOR_CORE,47,490,0.760,1788186428100075.715	,1788186428100076.475	
3,sk_placeholder_kernel_dav_2201,AI_VECTOR_CORE,47,491,0.740,1788186428100129.295	,1788186428100130.035	
3,sk_placeholder_kernel_dav_2201,AI_VECTOR_CORE,47,492,0.740,1788186428100171.775	,1788186428100172.515	
3,GroupedMatmul_073724674f6bc75efdc841276e0eb3cc_335741442,MIX_AIC,47,493,50.700,1788186428101827.995	,1788186428101878.695	
3,DequantSwigluQuant_int32_high_performance_100000000,AI_VECTOR_CORE,47,494,8.760,1788186428101994.075	,1788186428102002.835	
3,GroupedMatmul_7027ddb93c25b26c6a749b5e1bdcd245_34697052674,MIX_AIC,47,495,42.320,1788186428103828.755	,1788186428103871.075	
3,DynamicQuant_bf16_1_high_performance_10,AI_VECTOR_CORE,47,496,328.100,1788186428104534.955	,1788186428104863.055	
3,clear_ops,MIX_AIC,47,497,35.440,1788186428104864.435	,1788186428104899.875	
3,sk_placeholder_kernel_dav_2201,AI_VECTOR_CORE,47,498,1.080,1788186428104900.755	,1788186428104901.835	
3,sk_placeholder_kernel_dav_2201,AI_VECTOR_CORE,47,499,0.740,1788186428104901.875	,1788186428104902.615	
3,sk_scope_kernel_end_dav_2201,AI_VECTOR_CORE,47,500,0.800,1788186428104902.635	,1788186428104903.435	
3,sk_scope_kernel_begin_dav_2201,AI_VECTOR_CORE,47,501,0.800,1788186428104912.055	,1788186428104912.855	
3,sk_placeholder_kernel_dav_2201,AI_VECTOR_CORE,47,502,0.660,1788186428104955.615	,1788186428104956.275	
3,sk_placeholder_kernel_dav_2201,AI_VECTOR_CORE,47,503,0.680,1788186428104992.155	,1788186428104992.835	
3,GroupedMatmul_073724674f6bc75efdc841276e0eb3cc_335741442,MIX_AIC,47,504,49.040,1788186428106649.255	,1788186428106698.295	
3,DequantSwigluQuant_int32_high_performance_100000000,AI_VECTOR_CORE,47,505,8.440,1788186428106822.515	,1788186428106830.955	
3,GroupedMatmul_7027ddb93c25b26c6a749b5e1bdcd245_34697052674,MIX_AIC,47,506,43.320,1788186428108671.795	,1788186428108715.115	
3,DynamicQuant_bf16_1_high_performance_10,AI_VECTOR_CORE,47,507,329.020,1788186428109394.695	,1788186428109723.715	
3,clear_ops,MIX_AIC,47,508,34.020,1788186428109724.855	,1788186428109758.875	
3,sk_placeholder_kernel_dav_2201,AI_VECTOR_CORE,47,509,0.980,1788186428109759.995	,1788186428109760.975	
3,sk_placeholder_kernel_dav_2201,AI_VECTOR_CORE,47,510,0.740,1788186428109760.995	,1788186428109761.735	
3,sk_scope_kernel_end_dav_2201,AI_VECTOR_CORE,47,511,0.820,1788186428109761.755	,1788186428109762.575	
3,sk_scope_kernel_begin_dav_2201,AI_VECTOR_CORE,47,512,0.820,1788186428109800.615	,1788186428109801.435	
3,sk_placeholder_kernel_dav_2201,AI_VECTOR_CORE,47,513,0.760,1788186428109853.835	,1788186428109854.595	
3,sk_placeholder_kernel_dav_2201,AI_VECTOR_CORE,47,514,0.760,1788186428109886.115	,1788186428109886.875	
3,GroupedMatmul_073724674f6bc75efdc841276e0eb3cc_335741442,MIX_AIC,47,515,49.540,1788186428111524.175	,1788186428111573.715	
3,DequantSwigluQuant_int32_high_performance_100000000,AI_VECTOR_CORE,47,516,8.320,1788186428111688.415	,1788186428111696.735	
3,GroupedMatmul_7027ddb93c25b26c6a749b5e1bdcd245_34697052674,MIX_AIC,47,517,43.560,1788186428113541.355	,1788186428113584.915	
3,DynamicQuant_bf16_1_high_performance_10,AI_VECTOR_CORE,47,518,329.520,1788186428114248.355	,1788186428114577.875	
3,clear_ops,MIX_AIC,47,519,33.260,1788186428114579.175	,1788186428114612.435	
3,sk_placeholder_kernel_dav_2201,AI_VECTOR_CORE,47,520,0.780,1788186428114613.135	,1788186428114613.915	
3,sk_placeholder_kernel_dav_2201,AI_VECTOR_CORE,47,521,0.660,1788186428114613.935	,1788186428114614.595	
3,sk_scope_kernel_end_dav_2201,AI_VECTOR_CORE,47,522,0.700,1788186428114614.635	,1788186428114615.335	
3,sk_scope_kernel_begin_dav_2201,AI_VECTOR_CORE,47,523,0.700,1788186428114621.395	,1788186428114622.095	
3,sk_placeholder_kernel_dav_2201,AI_VECTOR_CORE,47,524,0.720,1788186428114668.555	,1788186428114669.275	
3,sk_placeholder_kernel_dav_2201,AI_VECTOR_CORE,47,525,0.720,1788186428114701.035	,1788186428114701.755	
3,GroupedMatmul_073724674f6bc75efdc841276e0eb3cc_335741442,MIX_AIC,47,526,49.620,1788186428116360.475	,1788186428116410.095	
3,DequantSwigluQuant_int32_high_performance_100000000,AI_VECTOR_CORE,47,527,9.640,1788186428116514.915	,1788186428116524.555	
3,GroupedMatmul_7027ddb93c25b26c6a749b5e1bdcd245_34697052674,MIX_AIC,47,528,42.000,1788186428118363.275	,1788186428118405.275	
3,DynamicQuant_bf16_1_high_performance_10,AI_VECTOR_CORE,47,529,330.160,1788186428119079.415	,1788186428119409.575	
3,clear_ops,MIX_AIC,47,530,35.240,1788186428119411.075	,1788186428119446.315	
3,sk_placeholder_kernel_dav_2201,AI_VECTOR_CORE,47,531,0.880,1788186428119447.435	,1788186428119448.315	
3,sk_placeholder_kernel_dav_2201,AI_VECTOR_CORE,47,532,0.780,1788186428119448.335	,1788186428119449.115	
3,sk_scope_kernel_end_dav_2201,AI_VECTOR_CORE,47,533,0.820,1788186428119449.135	,1788186428119449.955	
3,sk_scope_kernel_begin_dav_2201,AI_VECTOR_CORE,47,534,0.840,1788186428119461.315	,1788186428119462.155	
3,sk_placeholder_kernel_dav_2201,AI_VECTOR_CORE,47,535,0.820,1788186428119510.095	,1788186428119510.915	
3,sk_placeholder_kernel_dav_2201,AI_VECTOR_CORE,47,536,0.800,1788186428119552.015	,1788186428119552.815	
3,GroupedMatmul_073724674f6bc75efdc841276e0eb3cc_335741442,MIX_AIC,47,537,49.900,1788186428121194.795	,1788186428121244.695	
3,DequantSwigluQuant_int32_high_performance_100000000,AI_VECTOR_CORE,47,538,8.760,1788186428121360.375	,1788186428121369.135	
3,GroupedMatmul_7027ddb93c25b26c6a749b5e1bdcd245_34697052674,MIX_AIC,47,539,39.980,1788186428123233.675	,1788186428123273.655	
3,DynamicQuant_bf16_1_high_performance_10,AI_VECTOR_CORE,47,540,328.920,1788186428123917.555	,1788186428124246.475	
3,clear_ops,MIX_AIC,47,541,33.620,1788186428124247.755	,1788186428124281.375	
3,sk_placeholder_kernel_dav_2201,AI_VECTOR_CORE,47,542,0.860,1788186428124282.275	,1788186428124283.135	
3,sk_placeholder_kernel_dav_2201,AI_VECTOR_CORE,47,543,0.720,1788186428124283.155	,1788186428124283.875	
3,sk_scope_kernel_end_dav_2201,AI_VECTOR_CORE,47,544,0.780,1788186428124283.915	,1788186428124284.695	
3,sk_scope_kernel_begin_dav_2201,AI_VECTOR_CORE,47,545,0.780,1788186428124284.715	,1788186428124285.495	
3,sk_placeholder_kernel_dav_2201,AI_VECTOR_CORE,47,546,0.720,1788186428124318.355	,1788186428124319.075	
3,sk_placeholder_kernel_dav_2201,AI_VECTOR_CORE,47,547,0.720,1788186428124349.515	,1788186428124350.235	
3,GroupedMatmul_073724674f6bc75efdc841276e0eb3cc_335741442,MIX_AIC,47,548,51.040,1788186428125990.275	,1788186428126041.315	
3,DequantSwigluQuant_int32_high_performance_100000000,AI_VECTOR_CORE,47,549,8.680,1788186428126179.195	,1788186428126187.875	
3,GroupedMatmul_7027ddb93c25b26c6a749b5e1bdcd245_34697052674,MIX_AIC,47,550,41.380,1788186428127944.935	,1788186428127986.315	
3,DynamicQuant_bf16_1_high_performance_10,AI_VECTOR_CORE,47,551,327.920,1788186428128618.895	,1788186428128946.815	
3,clear_ops,MIX_AIC,47,552,35.780,1788186428128947.895	,1788186428128983.675	
3,sk_placeholder_kernel_dav_2201,AI_VECTOR_CORE,47,553,0.920,1788186428128984.895	,1788186428128985.815	
3,sk_placeholder_kernel_dav_2201,AI_VECTOR_CORE,47,554,0.820,1788186428128985.835	,1788186428128986.655	
3,sk_scope_kernel_end_dav_2201,AI_VECTOR_CORE,47,555,0.720,1788186428128986.675	,1788186428128987.395	
3,sk_scope_kernel_begin_dav_2201,AI_VECTOR_CORE,47,556,0.720,1788186428128987.415	,1788186428128988.135	
3,sk_placeholder_kernel_dav_2201,AI_VECTOR_CORE,47,557,0.680,1788186428129018.315	,1788186428129018.995	
3,sk_placeholder_kernel_dav_2201,AI_VECTOR_CORE,47,558,0.700,1788186428129060.795	,1788186428129061.495	
3,GroupedMatmul_073724674f6bc75efdc841276e0eb3cc_335741442,MIX_AIC,47,559,50.740,1788186428130688.755	,1788186428130739.495	
3,DequantSwigluQuant_int32_high_performance_100000000,AI_VECTOR_CORE,47,560,8.240,1788186428130828.255	,1788186428130836.495	
3,GroupedMatmul_7027ddb93c25b26c6a749b5e1bdcd245_34697052674,MIX_AIC,47,561,42.440,1788186428132644.235	,1788186428132686.675	
3,DynamicQuant_bf16_1_high_performance_10,AI_VECTOR_CORE,47,562,331.140,1788186428133335.315	,1788186428133666.455	
3,clear_ops,MIX_AIC,47,563,34.060,1788186428133667.595	,1788186428133701.655	
3,sk_placeholder_kernel_dav_2201,AI_VECTOR_CORE,47,564,0.880,1788186428133702.755	,1788186428133703.635	
3,sk_placeholder_kernel_dav_2201,AI_VECTOR_CORE,47,565,0.700,1788186428133703.655	,1788186428133704.355	
3,sk_scope_kernel_end_dav_2201,AI_VECTOR_CORE,47,566,0.740,1788186428133704.375	,1788186428133705.115	
3,Fill_41dadce325b0f810d03359af2a38990b_high_performance_210000000,AI_VECTOR_CORE,45,0,3.640,1788186478905772.735	,1788186478905776.375	
3,Fill_41dadce325b0f810d03359af2a38990b_high_performance_210000000,AI_VECTOR_CORE,45,1,3.500,1788186478905926.415	,1788186478905929.915	
3,Fill_41dadce325b0f810d03359af2a38990b_high_performance_210000000,AI_VECTOR_CORE,45,2,1.660,1788186478909300.655	,1788186478909302.315	
3,Fill_41dadce325b0f810d03359af2a38990b_high_performance_210000000,AI_VECTOR_CORE,45,3,2.980,1788186478909350.555	,1788186478909353.535	
3,TensorMove_2060cf8d69781f9a7462e2f67555909f_high_performance__kernel0,AI_VECTOR_CORE,47,567,182.320,1788186479075846.575	,1788186479076028.895	
3,N/A,MODEL_MAINTAINCE,48,6,0.000,1788186479076448.015	,1788186479076448.015	
3,N/A,MODEL_MAINTAINCE,48,7,0.020,1788186479076532.695	,1788186479076532.715	
3,N/A,MODEL_EXECUTE,47,568,5.540,1788186479076854.975	,1788186479076860.515	
3,sk_entry_mix12,MIX_AIC,12,0,484.860,1788186479076861.855	,1788186479077346.715	
3,N/A,MODEL_WAIT_COMPLETE,47,569,22724.020,1788186479076872.935	,1788186479099596.955	
3,sk_entry_mix12,MIX_AIC,12,11,447.120,1788186479077349.615	,1788186479077796.735	
3,sk_entry_mix12,MIX_AIC,12,22,446.600,1788186479077799.715	,1788186479078246.315	
3,sk_entry_mix12,MIX_AIC,12,33,451.560,1788186479078249.235	,1788186479078700.795	
3,sk_entry_mix12,MIX_AIC,12,44,447.120,1788186479078703.655	,1788186479079150.775	
3,sk_entry_mix12,MIX_AIC,12,55,450.500,1788186479079153.675	,1788186479079604.175	
3,sk_entry_mix12,MIX_AIC,12,66,453.700,1788186479079606.875	,1788186479080060.575	
3,sk_entry_mix12,MIX_AIC,12,77,447.200,1788186479080063.695	,1788186479080510.895	
3,sk_entry_mix12,MIX_AIC,12,88,449.500,1788186479080513.855	,1788186479080963.355	
3,sk_entry_mix12,MIX_AIC,12,99,450.240,1788186479080966.455	,1788186479081416.695	
3,sk_entry_mix12,MIX_AIC,12,110,450.280,1788186479081419.635	,1788186479081869.915	
3,sk_entry_mix12,MIX_AIC,12,121,450.440,1788186479081872.755	,1788186479082323.195	
3,sk_entry_mix12,MIX_AIC,12,132,453.720,1788186479082325.875	,1788186479082779.595	
3,sk_entry_mix12,MIX_AIC,12,143,450.040,1788186479082782.695	,1788186479083232.735	
3,sk_entry_mix12,MIX_AIC,12,154,456.700,1788186479083235.455	,1788186479083692.155	
3,sk_entry_mix12,MIX_AIC,12,165,456.700,1788186479083695.015	,1788186479084151.715	
3,sk_entry_mix12,MIX_AIC,12,176,450.140,1788186479084154.335	,1788186479084604.475	
3,sk_entry_mix12,MIX_AIC,12,187,450.280,1788186479084607.315	,1788186479085057.595	
3,sk_entry_mix12,MIX_AIC,12,198,451.480,1788186479085060.515	,1788186479085511.995	
3,sk_entry_mix12,MIX_AIC,12,209,451.000,1788186479085514.895	,1788186479085965.895	
3,sk_entry_mix12,MIX_AIC,12,220,452.420,1788186479085968.615	,1788186479086421.035	
3,sk_entry_mix12,MIX_AIC,12,231,455.120,1788186479086423.615	,1788186479086878.735	
3,sk_entry_mix12,MIX_AIC,12,242,450.020,1788186479086881.615	,1788186479087331.635	
3,sk_entry_mix12,MIX_AIC,12,253,448.360,1788186479087334.715	,1788186479087783.075	
3,sk_entry_mix12,MIX_AIC,12,264,451.880,1788186479087785.995	,1788186479088237.875	
3,sk_entry_mix12,MIX_AIC,12,275,450.320,1788186479088241.015	,1788186479088691.335	
3,sk_entry_mix12,MIX_AIC,12,286,452.260,1788186479088694.475	,1788186479089146.735	
3,sk_entry_mix12,MIX_AIC,12,297,449.980,1788186479089149.375	,1788186479089599.355	
3,sk_entry_mix12,MIX_AIC,12,308,454.280,1788186479089601.995	,1788186479090056.275	
3,sk_entry_mix12,MIX_AIC,12,319,447.760,1788186479090059.335	,1788186479090507.095	
3,sk_entry_mix12,MIX_AIC,12,330,450.120,1788186479090510.095	,1788186479090960.215	
3,sk_entry_mix12,MIX_AIC,12,341,451.800,1788186479090963.155	,1788186479091414.955	
3,sk_entry_mix12,MIX_AIC,12,352,449.660,1788186479091417.695	,1788186479091867.355	
3,sk_entry_mix12,MIX_AIC,12,363,451.460,1788186479091870.255	,1788186479092321.715	
3,sk_entry_mix12,MIX_AIC,12,374,453.740,1788186479092324.615	,1788186479092778.355	
3,sk_entry_mix12,MIX_AIC,12,385,450.980,1788186479092781.415	,1788186479093232.395	
3,sk_entry_mix12,MIX_AIC,12,396,451.820,1788186479093235.035	,1788186479093686.855	
3,sk_entry_mix12,MIX_AIC,12,407,450.740,1788186479093689.415	,1788186479094140.155	
3,sk_entry_mix12,MIX_AIC,12,418,450.600,1788186479094143.255	,1788186479094593.855	
3,sk_entry_mix12,MIX_AIC,12,429,460.420,1788186479094596.415	,1788186479095056.835	
3,sk_entry_mix12,MIX_AIC,12,440,445.980,1788186479095059.595	,1788186479095505.575	
3,sk_entry_mix12,MIX_AIC,12,451,449.120,1788186479095508.475	,1788186479095957.595	
3,sk_entry_mix12,MIX_AIC,12,462,450.600,1788186479095960.315	,1788186479096410.915	
3,sk_entry_mix12,MIX_AIC,12,473,450.040,1788186479096413.535	,1788186479096863.575	
3,sk_entry_mix12,MIX_AIC,12,484,454.580,1788186479096866.155	,1788186479097320.735	
3,sk_entry_mix12,MIX_AIC,12,495,451.320,1788186479097323.555	,1788186479097774.875	
3,sk_entry_mix12,MIX_AIC,12,506,448.760,1788186479097777.955	,1788186479098226.715	
3,sk_entry_mix12,MIX_AIC,12,517,452.880,1788186479098229.875	,1788186479098682.755	
3,sk_entry_mix12,MIX_AIC,12,528,454.800,1788186479098685.475	,1788186479099140.275	
3,sk_entry_mix12,MIX_AIC,12,539,452.220,1788186479099143.375	,1788186479099595.595	
3,N/A,NOTIFY_RECORD,12,550,0.020,1788186479099596.475	,1788186479099596.495	
3,N/A,PROFILER_TRACE_EX,47,570,0.020,1788186479099788.155	,1788186479099788.175	
3,TensorMove_2060cf8d69781f9a7462e2f67555909f_high_performance__kernel0,AI_VECTOR_CORE,47,571,184.580,1788186479100325.715	,1788186479100510.295	
3,N/A,MODEL_EXECUTE,47,572,126.160,1788186479100510.315	,1788186479100636.475	
3,sk_entry_mix12,MIX_AIC,12,0,474.800,1788186479100637.715	,1788186479101112.515	
3,N/A,MODEL_WAIT_COMPLETE,47,573,22671.580,1788186479100651.215	,1788186479123322.795	
3,sk_entry_mix12,MIX_AIC,12,11,448.080,1788186479101115.135	,1788186479101563.215	
3,sk_entry_mix12,MIX_AIC,12,22,451.100,1788186479101565.875	,1788186479102016.975	
3,sk_entry_mix12,MIX_AIC,12,33,448.280,1788186479102019.655	,1788186479102467.935	
3,sk_entry_mix12,MIX_AIC,12,44,456.000,1788186479102470.935	,1788186479102926.935	
3,sk_entry_mix12,MIX_AIC,12,55,449.560,1788186479102929.655	,1788186479103379.215	
3,sk_entry_mix12,MIX_AIC,12,66,450.280,1788186479103382.355	,1788186479103832.635	
3,sk_entry_mix12,MIX_AIC,12,77,447.700,1788186479103835.435	,1788186479104283.135	
3,sk_entry_mix12,MIX_AIC,12,88,448.620,1788186479104285.995	,1788186479104734.615	
3,sk_entry_mix12,MIX_AIC,12,99,448.580,1788186479104737.375	,1788186479105185.955	
3,sk_entry_mix12,MIX_AIC,12,110,454.520,1788186479105188.795	,1788186479105643.315	
3,sk_entry_mix12,MIX_AIC,12,121,445.400,1788186479105646.215	,1788186479106091.615	
3,sk_entry_mix12,MIX_AIC,12,132,447.560,1788186479106094.515	,1788186479106542.075	
3,sk_entry_mix12,MIX_AIC,12,143,452.300,1788186479106544.635	,1788186479106996.935	
3,sk_entry_mix12,MIX_AIC,12,154,460.420,1788186479106999.535	,1788186479107459.955	
3,sk_entry_mix12,MIX_AIC,12,165,450.060,1788186479107463.035	,1788186479107913.095	
3,sk_entry_mix12,MIX_AIC,12,176,448.020,1788186479107915.695	,1788186479108363.715	
3,sk_entry_mix12,MIX_AIC,12,187,449.640,1788186479108366.735	,1788186479108816.375	
3,sk_entry_mix12,MIX_AIC,12,198,449.960,1788186479108819.135	,1788186479109269.095	
3,sk_entry_mix12,MIX_AIC,12,209,452.880,1788186479109272.175	,1788186479109725.055	
3,sk_entry_mix12,MIX_AIC,12,220,449.960,1788186479109727.835	,1788186479110177.795	
3,sk_entry_mix12,MIX_AIC,12,231,452.580,1788186479110180.795	,1788186479110633.375	
3,sk_entry_mix12,MIX_AIC,12,242,452.600,1788186479110636.535	,1788186479111089.135	
3,sk_entry_mix12,MIX_AIC,12,253,447.000,1788186479111092.075	,1788186479111539.075	
3,sk_entry_mix12,MIX_AIC,12,264,448.360,1788186479111542.095	,1788186479111990.455	
3,sk_entry_mix12,MIX_AIC,12,275,447.560,1788186479111993.435	,1788186479112440.995	
3,sk_entry_mix12,MIX_AIC,12,286,453.720,1788186479112443.635	,1788186479112897.355	
3,sk_entry_mix12,MIX_AIC,12,297,451.180,1788186479112900.375	,1788186479113351.555	
3,sk_entry_mix12,MIX_AIC,12,308,450.440,1788186479113354.515	,1788186479113804.955	
3,sk_entry_mix12,MIX_AIC,12,319,453.420,1788186479113807.675	,1788186479114261.095	
3,sk_entry_mix12,MIX_AIC,12,330,449.840,1788186479114263.935	,1788186479114713.775	
3,sk_entry_mix12,MIX_AIC,12,341,448.120,1788186479114716.515	,1788186479115164.635	
3,sk_entry_mix12,MIX_AIC,12,352,447.220,1788186479115167.255	,1788186479115614.475	
3,sk_entry_mix12,MIX_AIC,12,363,453.900,1788186479115617.315	,1788186479116071.215	
3,sk_entry_mix12,MIX_AIC,12,374,454.420,1788186479116074.155	,1788186479116528.575	
3,sk_entry_mix12,MIX_AIC,12,385,452.060,1788186479116531.475	,1788186479116983.535	
3,sk_entry_mix12,MIX_AIC,12,396,447.960,1788186479116986.495	,1788186479117434.455	
3,sk_entry_mix12,MIX_AIC,12,407,448.800,1788186479117437.315	,1788186479117886.115	
3,sk_entry_mix12,MIX_AIC,12,418,449.060,1788186479117889.175	,1788186479118338.235	
3,sk_entry_mix12,MIX_AIC,12,429,458.760,1788186479118340.995	,1788186479118799.755	
3,sk_entry_mix12,MIX_AIC,12,440,449.920,1788186479118802.455	,1788186479119252.375	
3,sk_entry_mix12,MIX_AIC,12,451,446.700,1788186479119255.015	,1788186479119701.715	
3,sk_entry_mix12,MIX_AIC,12,462,450.400,1788186479119704.495	,1788186479120154.895	
3,sk_entry_mix12,MIX_AIC,12,473,453.120,1788186479120157.695	,1788186479120610.815	
3,sk_entry_mix12,MIX_AIC,12,484,448.060,1788186479120613.915	,1788186479121061.975	
3,sk_entry_mix12,MIX_AIC,12,495,449.780,1788186479121064.735	,1788186479121514.515	
3,sk_entry_mix12,MIX_AIC,12,506,453.380,1788186479121517.135	,1788186479121970.515	
3,sk_entry_mix12,MIX_AIC,12,517,445.340,1788186479121973.355	,1788186479122418.695	
3,sk_entry_mix12,MIX_AIC,12,528,449.700,1788186479122421.775	,1788186479122871.475	
3,sk_entry_mix12,MIX_AIC,12,539,446.800,1788186479122874.335	,1788186479123321.135	
3,N/A,NOTIFY_RECORD,12,550,0.020,1788186479123322.315	,1788186479123322.335	
3,N/A,PROFILER_TRACE_EX,47,574,0.020,1788186479123395.735	,1788186479123395.755	
3,N/A,PROFILING_DISABLE,48,8,0.020,1788186479771064.995	,1788186479771065.015	
