Device_id,Model ID,Task ID,Stream ID,Op Name,OP Type,OP State,Task Type,Task Start Time(us),Task Duration(us),Task Wait Time(us),Block Num,Mix Block Num,HF32 Eligible,Input Shapes,Input Data Types,Input Formats,Output Shapes,Output Data Types,Output Formats,Context ID,aicore_time(us),aic_total_cycles,aic_mac_time(us),aic_mac_ratio,aic_scalar_time(us),aic_scalar_ratio,aic_mte1_time(us),aic_mte1_ratio,aic_mte2_time(us),aic_mte2_ratio,aic_fixpipe_time(us),aic_fixpipe_ratio,aic_icache_miss_rate,aiv_time(us),aiv_total_cycles,aiv_vec_time(us),aiv_vec_ratio,aiv_scalar_time(us),aiv_scalar_ratio,aiv_mte2_time(us),aiv_mte2_ratio,aiv_mte3_time(us),aiv_mte3_ratio,aiv_icache_miss_rate,cube_utilization(%)
5,4294967295,0,47,aclnnInplaceOne_OnesLikeAiCPU_OnesLike,OnesLike,dynamic,AI_CPU,1789568559977045.835	,324.740,0,0,0,NO,"""1""",INT64,ND,"""1""",INT64,ND,N/A,N/A,N/A,N/A,N/A,N/A,N/A,N/A,N/A,N/A,N/A,N/A,N/A,N/A,N/A,N/A,N/A,N/A,N/A,N/A,N/A,N/A,N/A,N/A,N/A,N/A
5,4294967295,2,47,aclnnInplaceUniform_DSARandomUniform_DSARandomUniform,DSARandomUniform,dynamic,DSA_SQE,1789568560159502.755	,2771.180,182132.260000,0,0,NO,N/A,N/A,N/A,"""1,7168,4096""",FLOAT,ND,N/A,N/A,N/A,N/A,N/A,N/A,N/A,N/A,N/A,N/A,N/A,N/A,N/A,N/A,N/A,N/A,N/A,N/A,N/A,N/A,N/A,N/A,N/A,N/A,N/A,N/A
5,4294967295,3,47,aclnnInplaceUniform_CastAiCore_Cast,Cast,dynamic,AI_VECTOR_CORE,1789568560903207.515	,221.400,740933.570000,40,0,NO,"""1,7168,4096""",FLOAT,ND,"""1,7168,4096""",INT8,ND,N/A,0.0,0,0.0,0.0,0.0,0.0,0.0,0.0,0.0,0.0,0.0,0.0,0.0,217.554,14358575,171.771,0.79,16.091,0.074,70.369,0.323,22.949,0.105,0.005,0.000
5,4294967295,5,47,aclnnInplaceUniform_DSARandomUniform_DSARandomUniform,DSARandomUniform,dynamic,DSA_SQE,1789568560903608.895	,1382.760,180.100000,0,0,NO,N/A,N/A,N/A,"""1,2048,7168""",FLOAT,ND,N/A,N/A,N/A,N/A,N/A,N/A,N/A,N/A,N/A,N/A,N/A,N/A,N/A,N/A,N/A,N/A,N/A,N/A,N/A,N/A,N/A,N/A,N/A,N/A,N/A,N/A
5,4294967295,6,47,aclnnInplaceUniform_CastAiCore_Cast,Cast,dynamic,AI_VECTOR_CORE,1789568560904991.675	,119.520,0.000000,40,0,NO,"""1,2048,7168""",FLOAT,ND,"""1,2048,7168""",INT8,ND,N/A,0.0,0,0.0,0.0,0.0,0.0,0.0,0.0,0.0,0.0,0.0,0.0,0.0,114.888,7582630,85.881,0.748,7.194,0.063,49.825,0.434,13.233,0.115,0.0,0.000
5,4294967295,8,47,aclnnInplaceUniform_DSARandomUniform_DSARandomUniform,DSARandomUniform,dynamic,DSA_SQE,1789568560905113.555	,1.720,2.230000,0,0,NO,N/A,N/A,N/A,"""1,7168""",DT_BF16,ND,N/A,N/A,N/A,N/A,N/A,N/A,N/A,N/A,N/A,N/A,N/A,N/A,N/A,N/A,N/A,N/A,N/A,N/A,N/A,N/A,N/A,N/A,N/A,N/A,N/A,N/A
5,4294967295,10,47,aclnnInplaceUniform_DSARandomUniform_DSARandomUniform,DSARandomUniform,dynamic,DSA_SQE,1789568560905117.975	,2.060,2.780000,0,0,NO,N/A,N/A,N/A,"""9216""",FLOAT,ND,N/A,N/A,N/A,N/A,N/A,N/A,N/A,N/A,N/A,N/A,N/A,N/A,N/A,N/A,N/A,N/A,N/A,N/A,N/A,N/A,N/A,N/A,N/A,N/A,N/A,N/A
5,4294967295,12,47,aclnnInplaceUniform_DSARandomUniform_DSARandomUniform,DSARandomUniform,dynamic,DSA_SQE,1789568560905122.455	,1.580,2.440000,0,0,NO,N/A,N/A,N/A,"""1,4096""",FLOAT,ND,N/A,N/A,N/A,N/A,N/A,N/A,N/A,N/A,N/A,N/A,N/A,N/A,N/A,N/A,N/A,N/A,N/A,N/A,N/A,N/A,N/A,N/A,N/A,N/A,N/A,N/A
5,4294967295,14,47,aclnnInplaceUniform_DSARandomUniform_DSARandomUniform,DSARandomUniform,dynamic,DSA_SQE,1789568560905126.515	,2.080,2.420000,0,0,NO,N/A,N/A,N/A,"""9216""",FLOAT,ND,N/A,N/A,N/A,N/A,N/A,N/A,N/A,N/A,N/A,N/A,N/A,N/A,N/A,N/A,N/A,N/A,N/A,N/A,N/A,N/A,N/A,N/A,N/A,N/A,N/A,N/A
5,4294967295,16,47,aclnnInplaceUniform_DSARandomUniform_DSARandomUniform,DSARandomUniform,dynamic,DSA_SQE,1789568560905131.075	,1.500,2.420000,0,0,NO,N/A,N/A,N/A,"""1,2048""",FLOAT,ND,N/A,N/A,N/A,N/A,N/A,N/A,N/A,N/A,N/A,N/A,N/A,N/A,N/A,N/A,N/A,N/A,N/A,N/A,N/A,N/A,N/A,N/A,N/A,N/A,N/A,N/A
5,4294967295,17,47,aclnnInplaceOne_OnesLikeAiCore_OnesLike,OnesLike,dynamic,AI_VECTOR_CORE,1789568560905413.155	,35.780,280.750000,40,0,NO,"""9216,7168""",INT8,ND,"""9216,7168""",INT8,ND,N/A,0.0,0,0.0,0.0,0.0,0.0,0.0,0.0,0.0,0.0,0.0,0.0,0.0,30.988,2045202,5.056,0.163,3.525,0.114,0.001,0.0,22.594,0.729,0.014,0.000
5,4294967295,18,47,aclnnGroupedMatmulV5_GroupedMatmul_GroupedMatmul,GroupedMatmul,dynamic,MIX_AIC,1789568560910673.835	,47.540,5224.720000,20,0,NO,"""9216,7168;1,7168,4096;;;;;;1""",INT8;INT8;INT32;UINT64;FLOAT;FLOAT16;FLOAT16;INT64,ND;NCL;ND;ND;ND;ND;ND;ND,"""9216,4096""",INT32,ND,0,36.227,1195505,2.905,0.08,9.904,0.273,9.378,0.259,29.115,0.804,2.738,0.076,0.021,0.0,0,0.0,0.0,0.0,0.0,0.0,0.0,0.0,0.0,0.0,76.204
5,4294967295,19,47,DequantSwigluQuant,DequantSwigluQuant,dynamic,AI_VECTOR_CORE,1789568561563623.235	,11.860,652901.960000,36,0,NO,"""9216,4096;1,4096;9216;;1,2048;;1""",INT32;FLOAT;FLOAT;DT_UNDEFINED;FLOAT;DT_UNDEFINED;INT64,ND;ND;ND;NULL;ND;NULL;ND,"""9216,2048;9216""",INT8;FLOAT,ND;ND,N/A,0.0,0,0.0,0.0,0.0,0.0,0.0,0.0,0.0,0.0,0.0,0.0,0.0,7.89,468692,0.057,0.007,1.832,0.232,3.05,0.387,0.005,0.001,0.18,0.000
5,4294967295,20,47,gelu_custom_kernel,gelu_custom_kernel,dynamic,AI_VECTOR_CORE,1789568561563755.295	,125.200,120.140000,36,0,NO,N/A,N/A,N/A,N/A,N/A,N/A,N/A,0.0,0,0.0,0.0,0.0,0.0,0.0,0.0,0.0,0.0,0.0,0.0,0.0,123.376,7328543,113.124,0.917,3.323,0.027,58.476,0.474,22.604,0.183,0.005,0.000
5,4294967295,21,47,aclnnGroupedMatmulV5_GroupedMatmul_GroupedMatmul,GroupedMatmul,dynamic,MIX_AIC,1789568561568629.675	,31.560,4749.300000,20,20,NO,"""9216,2048;1,2048,7168;;1,7168;;;;1;9216""",INT8;INT8;INT32;DT_BF16;FLOAT;FLOAT16;FLOAT16;INT64;FLOAT,ND;NCL;ND;ND;ND;ND;ND;ND;ND,"""9216,7168""",DT_BF16,ND,0,25.047,826542,1.453,0.058,13.717,0.548,4.696,0.187,12.036,0.481,3.84,0.153,0.034,24.724,815882,0.198,0.008,6.578,0.266,2.236,0.09,0.204,0.008,0.1,79.362
5,4294967295,22,47,aclnnDynamicQuantV2_DynamicQuant_DynamicQuant,DynamicQuant,dynamic,AI_VECTOR_CORE,1789568561569061.975	,407.800,400.690000,40,0,NO,"""9216,7168""",DT_BF16,ND,"""9216,7168;9216""",INT8;FLOAT,ND;ND,N/A,0.0,0,0.0,0.0,0.0,0.0,0.0,0.0,0.0,0.0,0.0,0.0,0.0,400.968,26463876,188.864,0.471,30.418,0.076,367.395,0.916,230.502,0.575,0.005,0.000
5,4294967295,23,47,clear_ops,clear_ops,dynamic,MIX_AIC,1789568561569471.035	,33.320,1.200000,20,40,NO,N/A,N/A,N/A,N/A,N/A,N/A,0,31.051,1024680,0.0,0.0,4.31,0.139,0.001,0.0,0.001,0.0,0.001,0.0,0.132,30.949,2042615,0.008,0.0,3.793,0.123,0.001,0.0,0.001,0.0,0.151,93.190
5,4294967295,0,45,aclnnInplaceFillScalar_FillAiCore_Fill,Fill,dynamic,AI_VECTOR_CORE,1789568593383139.915	,3.740,31813635.680000,1,0,NO,"""1;""",INT64;INT64,ND;ND,"""1""",INT64,ND,N/A,0.0,0,0.0,0.0,0.0,0.0,0.0,0.0,0.0,0.0,0.0,0.0,0.0,1.49,2458,0.053,0.036,0.51,0.342,0.158,0.106,0.297,0.199,0.126,0.000
5,4294967295,1,45,aclnnInplaceFillScalar_FillAiCore_Fill,Fill,dynamic,AI_VECTOR_CORE,1789568593383399.395	,3.580,255.760000,1,0,NO,"""1;""",INT64;INT64,ND;ND,"""1""",INT64,ND,N/A,0.0,0,0.0,0.0,0.0,0.0,0.0,0.0,0.0,0.0,0.0,0.0,0.0,1.401,2311,0.053,0.038,0.505,0.36,0.159,0.114,0.259,0.185,0.124,0.000
5,4294967295,2,45,aclnnInplaceFillScalar_FillAiCore_Fill,Fill,dynamic,AI_VECTOR_CORE,1789568593387553.955	,1.680,4150.920000,1,0,NO,"""1;""",INT64;INT64,ND;ND,"""1""",INT64,ND,N/A,0.0,0,0.0,0.0,0.0,0.0,0.0,0.0,0.0,0.0,0.0,0.0,0.0,1.123,1853,0.053,0.047,0.488,0.435,0.119,0.106,0.125,0.111,0.143,0.000
5,4294967295,3,45,aclnnInplaceFillScalar_FillAiCore_Fill,Fill,dynamic,AI_VECTOR_CORE,1789568593387594.215	,3.100,38.570000,1,0,NO,"""1;""",INT64;INT64,ND;ND,"""1""",INT64,ND,N/A,0.0,0,0.0,0.0,0.0,0.0,0.0,0.0,0.0,0.0,0.0,0.0,0.0,2.607,4301,0.053,0.02,0.966,0.371,0.29,0.111,0.511,0.196,0.123,0.000
5,4294967295,24,47,aclnnInplaceCopy_TensorMoveAiCore_TensorMove,TensorMove,dynamic,AI_VECTOR_CORE,1789568593416717.655	,123.560,29120.400000,40,0,NO,"""9216,7168""",INT8,ND,"""9216,7168""",INT8,ND,N/A,0.0,0,0.0,0.0,0.0,0.0,0.0,0.0,0.0,0.0,0.0,0.0,0.0,113.132,7466689,0.008,0.0,1.156,0.01,65.034,0.575,43.744,0.387,0.075,0.000
5,48,0,12,aclnnGroupedMatmulV5_GroupedMatmul_GroupedMatmul,GroupedMatmul,dynamic,MIX_AIC,1789568593417584.615	,55.140,743.190000,20,0,NO,"""9216,7168;1,7168,4096;;;;;;1""",INT8;INT8;INT32;UINT64;FLOAT;FLOAT16;FLOAT16;INT64,ND;NCL;ND;ND;ND;ND;ND;ND,"""9216,4096""",INT32,ND,0,41.51,1369817,2.905,0.07,6.644,0.16,9.369,0.226,35.107,0.846,3.066,0.074,0.029,0.0,0,0.0,0.0,0.0,0.0,0.0,0.0,0.0,0.0,0.0,75.280
5,48,1,12,DequantSwigluQuant,DequantSwigluQuant,dynamic,AI_VECTOR_CORE,1789568593417640.995	,10.180,1.360000,36,0,NO,"""9216,4096;1,4096;9216;;1,2048;;1""",INT32;FLOAT;FLOAT;DT_UNDEFINED;FLOAT;DT_UNDEFINED;INT64,ND;ND;ND;NULL;ND;NULL;ND,"""9216,2048;9216""",INT8;FLOAT,ND;ND,N/A,0.0,0,0.0,0.0,0.0,0.0,0.0,0.0,0.0,0.0,0.0,0.0,0.0,7.278,432297,0.056,0.008,3.337,0.459,0.103,0.014,0.011,0.002,0.171,0.000
5,48,2,12,gelu_custom_kernel,gelu_custom_kernel,dynamic,AI_VECTOR_CORE,1789568593417651.195	,124.460,0.070000,36,0,NO,N/A,N/A,N/A,N/A,N/A,N/A,N/A,0.0,0,0.0,0.0,0.0,0.0,0.0,0.0,0.0,0.0,0.0,0.0,0.0,122.016,7247758,113.126,0.927,1.991,0.016,44.668,0.366,22.137,0.181,0.005,0.000
5,48,3,12,aclnnGroupedMatmulV5_GroupedMatmul_GroupedMatmul,GroupedMatmul,dynamic,MIX_AIC,1789568593417776.995	,37.060,1.290000,20,20,NO,"""9216,2048;1,2048,7168;;1,7168;;;;1;9216""",INT8;INT8;INT32;DT_BF16;FLOAT;FLOAT16;FLOAT16;INT64;FLOAT,ND;NCL;ND;ND;ND;ND;ND;ND;ND,"""9216,7168""",DT_BF16,ND,0,28.821,951083,1.453,0.05,11.482,0.398,4.69,0.163,19.537,0.678,5.303,0.184,0.041,28.898,953624,0.192,0.007,5.312,0.184,0.867,0.03,0.836,0.029,0.085,77.768
5,48,4,12,aclnnDynamicQuantV2_DynamicQuant_DynamicQuant,DynamicQuant,dynamic,AI_VECTOR_CORE,1789568593417815.055	,355.860,0.940000,40,0,NO,"""9216,7168""",DT_BF16,ND,"""9216,7168;9216""",INT8;FLOAT,ND;ND,N/A,0.0,0,0.0,0.0,0.0,0.0,0.0,0.0,0.0,0.0,0.0,0.0,0.0,351.362,23189922,188.505,0.536,19.908,0.057,318.811,0.907,184.719,0.526,0.004,0.000
5,48,5,12,clear_ops,clear_ops,dynamic,MIX_AIC,1789568593418171.875	,32.380,1.140000,20,40,NO,N/A,N/A,N/A,N/A,N/A,N/A,0,30.172,995673,0.0,0.0,4.374,0.145,0.001,0.0,0.001,0.0,0.001,0.0,0.135,30.074,1984908,0.008,0.0,3.807,0.127,0.001,0.0,0.001,0.0,0.15,93.181
5,4294967295,27,47,aclnnInplaceCopy_TensorMoveAiCore_TensorMove,TensorMove,dynamic,AI_VECTOR_CORE,1789568593418710.215	,187.320,505.870000,40,0,NO,"""9216,7168""",INT8,ND,"""9216,7168""",INT8,ND,N/A,0.0,0,0.0,0.0,0.0,0.0,0.0,0.0,0.0,0.0,0.0,0.0,0.0,178.092,11754077,0.008,0.0,0.292,0.002,103.415,0.581,71.255,0.4,0.089,0.000
5,48,0,12,aclnnGroupedMatmulV5_GroupedMatmul_GroupedMatmul,GroupedMatmul,dynamic,MIX_AIC,1789568593419016.915	,51.800,119.430000,20,0,NO,"""9216,7168;1,7168,4096;;;;;;1""",INT8;INT8;INT32;UINT64;FLOAT;FLOAT16;FLOAT16;INT64,ND;NCL;ND;ND;ND;ND;ND;ND,"""9216,4096""",INT32,ND,0,38.277,1263133,2.905,0.076,5.208,0.136,9.379,0.245,33.204,0.867,2.447,0.064,0.032,0.0,0,0.0,0.0,0.0,0.0,0.0,0.0,0.0,0.0,0.0,73.893
5,48,1,12,DequantSwigluQuant,DequantSwigluQuant,dynamic,AI_VECTOR_CORE,1789568593419069.695	,9.320,0.950000,36,0,NO,"""9216,4096;1,4096;9216;;1,2048;;1""",INT32;FLOAT;FLOAT;DT_UNDEFINED;FLOAT;DT_UNDEFINED;INT64,ND;ND;ND;NULL;ND;NULL;ND,"""9216,2048;9216""",INT8;FLOAT,ND;ND,N/A,0.0,0,0.0,0.0,0.0,0.0,0.0,0.0,0.0,0.0,0.0,0.0,0.0,6.124,363788,0.056,0.009,2.342,0.382,0.043,0.007,0.02,0.003,0.176,0.000
5,48,2,12,gelu_custom_kernel,gelu_custom_kernel,dynamic,AI_VECTOR_CORE,1789568593419079.035	,125.080,0.000000,36,0,NO,N/A,N/A,N/A,N/A,N/A,N/A,N/A,0.0,0,0.0,0.0,0.0,0.0,0.0,0.0,0.0,0.0,0.0,0.0,0.0,122.681,7287265,113.126,0.922,1.989,0.016,48.892,0.399,22.165,0.181,0.005,0.000
5,48,3,12,aclnnGroupedMatmulV5_GroupedMatmul_GroupedMatmul,GroupedMatmul,dynamic,MIX_AIC,1789568593419205.155	,36.980,1.170000,20,20,NO,"""9216,2048;1,2048,7168;;1,7168;;;;1;9216""",INT8;INT8;INT32;DT_BF16;FLOAT;FLOAT16;FLOAT16;INT64;FLOAT,ND;NCL;ND;ND;ND;ND;ND;ND;ND,"""9216,7168""",DT_BF16,ND,0,27.533,908599,1.453,0.053,10.274,0.373,4.687,0.17,19.417,0.705,4.926,0.179,0.045,27.483,906947,0.194,0.007,5.072,0.185,0.848,0.031,0.281,0.01,0.089,74.455
5,48,4,12,aclnnDynamicQuantV2_DynamicQuant_DynamicQuant,DynamicQuant,dynamic,AI_VECTOR_CORE,1789568593419243.215	,355.480,1.020000,40,0,NO,"""9216,7168""",DT_BF16,ND,"""9216,7168;9216""",INT8;FLOAT,ND;ND,N/A,0.0,0,0.0,0.0,0.0,0.0,0.0,0.0,0.0,0.0,0.0,0.0,0.0,351.026,23167714,188.505,0.537,19.897,0.057,318.263,0.907,175.212,0.499,0.004,0.000
5,48,5,12,clear_ops,clear_ops,dynamic,MIX_AIC,1789568593419600.035	,33.660,1.270000,20,40,NO,N/A,N/A,N/A,N/A,N/A,N/A,0,31.426,1037055,0.0,0.0,4.352,0.138,0.001,0.0,0.001,0.0,0.001,0.0,0.134,31.325,2067426,0.008,0.0,3.77,0.12,0.001,0.0,0.001,0.0,0.152,93.363
